item_id,name,category,secondary_kind,route,slot,family_role,damage_type,damage_type_confidence,wmod_tier,current_weapon_power,dcl_wmod,reach_policy,current_range,dcl_range,handedness,parry_tier,current_weapon_evasion,dcl_parry,skill_primary,overcap_route,armor_divisor_tier,dcl_armor_divisor,armor_class,dr_profile_cut_thrust_crush,dcl_dr_cut,dcl_dr_thrust,dcl_dr_crush,weight_required,dcl_weight,bolt_role,current_elements,dcl_element,block_source,dcl_block,special_rule,readiness,authoring_gates
0,Nothing Equipped,None,weapon,unarmed-sentinel,hands,unarmed_job_derived,crush,designed,job-derived,0,,1,1,1,unarmed,job-derived,0,,PA+martial-arts,,,,,,,,,false,,none,None,,none,,common_fist_penalty_or_martial_arts_wmod,mechanism-ready-authoring-required,unarmed wmod curve;untrained fist penalty;Martial Arts parry eligibility
1,Dagger,Knife,weapon,equipped-weapon,hands,assassin_finisher,thrust,designed,low,3,,1,1,1,1H,low,5,,PA,none,none,,,,,,,true,,none,None,,none,,modest_speed_grant,structure-ready-numeric-authoring-required,Weight;wmod;parry calibration;modest_speed_grant
2,Mythril Knife,Knife,weapon,equipped-weapon,hands,assassin_finisher,thrust,designed,low,4,,1,1,1,1H,low,5,,PA,none,none,,,,,,,true,,none,None,,none,,modest_speed_grant,structure-ready-numeric-authoring-required,Weight;wmod;parry calibration;modest_speed_grant
3,Blind Knife,Knife,weapon,equipped-weapon,hands,assassin_finisher,thrust,designed,low,4,,1,1,1,1H,low,5,,PA,none,none,,,,,,,true,,none,None,,none,,modest_speed_grant,structure-ready-numeric-authoring-required,Weight;wmod;parry calibration;modest_speed_grant
4,Mage Masher,Knife,weapon,equipped-weapon,hands,assassin_finisher,thrust,designed,low,4,,1,1,1,1H,low,5,,PA,none,none,,,,,,,true,,none,None,,none,,modest_speed_grant,structure-ready-numeric-authoring-required,Weight;wmod;parry calibration;modest_speed_grant
5,Platinum Dagger,Knife,weapon,equipped-weapon,hands,assassin_finisher,thrust,designed,low,5,,1,1,1,1H,low,10,,PA,none,none,,,,,,,true,,none,None,,none,,modest_speed_grant,structure-ready-numeric-authoring-required,Weight;wmod;parry calibration;modest_speed_grant
6,Main Gauche,Knife,weapon,equipped-weapon,hands,assassin_finisher,thrust,designed,low,6,,1,1,1,1H,low,40,,PA,none,none,,,,,,,true,,none,None,,none,,modest_speed_grant,structure-ready-numeric-authoring-required,Weight;wmod;parry calibration;modest_speed_grant
7,Orichalcum Dirk,Knife,weapon,equipped-weapon,hands,assassin_finisher,thrust,designed,low,7,,1,1,1,1H,low,5,,PA,none,none,,,,,,,true,,none,None,,none,,modest_speed_grant,structure-ready-numeric-authoring-required,Weight;wmod;parry calibration;modest_speed_grant
8,Assassin's Dagger,Knife,weapon,equipped-weapon,hands,assassin_finisher,thrust,designed,low,7,,1,1,1,1H,low,5,,PA,none,none,,,,,,,true,,none,None,,none,,modest_speed_grant,structure-ready-numeric-authoring-required,Weight;wmod;parry calibration;modest_speed_grant
9,Air Knife,Knife,weapon,equipped-weapon,hands,assassin_finisher,thrust,designed,low,10,,1,1,1,1H,low,5,,PA,none,none,,,,,,,true,,none,Wind,,none,,modest_speed_grant,structure-ready-numeric-authoring-required,Weight;wmod;parry calibration;modest_speed_grant
10,Zwill Straightblade,Knife,weapon,equipped-weapon,hands,assassin_finisher,thrust,designed,low,12,,1,1,1,1H,low,10,,PA,none,none,,,,,,,true,,none,None,,none,,modest_speed_grant,structure-ready-numeric-authoring-required,Weight;wmod;parry calibration;modest_speed_grant
11,Ninja Blade,NinjaBlade,weapon,equipped-weapon,hands,light_dual_wield_blade,cut,designed,low-medium,8,,1,1,1,1H,medium,5,,PA,none,none,,,,,,,true,,none,None,,none,,none,structure-ready-numeric-authoring-required,Weight;wmod;parry calibration
12,Kunai,NinjaBlade,weapon,equipped-weapon,hands,light_dual_wield_blade,cut,designed,low-medium,9,,1,1,1,1H,medium,5,,PA,none,none,,,,,,,true,,none,None,,none,,none,structure-ready-numeric-authoring-required,Weight;wmod;parry calibration
13,Kodachi,NinjaBlade,weapon,equipped-weapon,hands,light_dual_wield_blade,cut,designed,low-medium,10,,1,1,1,1H,medium,5,,PA,none,none,,,,,,,true,,none,None,,none,,none,structure-ready-numeric-authoring-required,Weight;wmod;parry calibration
14,Ninja Longblade,NinjaBlade,weapon,equipped-weapon,hands,light_dual_wield_blade,cut,designed,low-medium,12,,1,1,1,1H,medium,5,,PA,none,none,,,,,,,true,,none,None,,none,,none,structure-ready-numeric-authoring-required,Weight;wmod;parry calibration
15,Spellbinder,NinjaBlade,weapon,equipped-weapon,hands,light_dual_wield_blade,cut,designed,low-medium,13,,1,1,1,1H,medium,5,,PA,none,none,,,,,,,true,,none,None,,none,,none,structure-ready-numeric-authoring-required,Weight;wmod;parry calibration
16,Sasuke's Blade,NinjaBlade,weapon,equipped-weapon,hands,light_dual_wield_blade,cut,designed,low-medium,14,,1,1,1,1H,medium,15,,PA,none,none,,,,,,,true,,none,None,,none,,none,structure-ready-numeric-authoring-required,Weight;wmod;parry calibration
17,Iga Blade,NinjaBlade,weapon,equipped-weapon,hands,light_dual_wield_blade,cut,designed,low-medium,15,,1,1,1,1H,medium,10,,PA,none,none,,,,,,,true,,none,None,,none,,none,structure-ready-numeric-authoring-required,Weight;wmod;parry calibration
18,Koga Blade,NinjaBlade,weapon,equipped-weapon,hands,light_dual_wield_blade,cut,designed,low-medium,15,,1,1,1,1H,medium,5,,PA,none,none,,,,,,,true,,none,None,,none,,none,structure-ready-numeric-authoring-required,Weight;wmod;parry calibration
19,Broadsword,Sword,weapon,equipped-weapon,hands,defensive_1h_blade,cut,designed,medium,4,,1,1,1,1H,high,5,,PA,none,none,,,,,,,true,,none,None,,none,,none,structure-ready-numeric-authoring-required,Weight;wmod;parry calibration
20,Longsword,Sword,weapon,equipped-weapon,hands,defensive_1h_blade,cut,designed,medium,5,,1,1,1,1H,high,10,,PA,none,none,,,,,,,true,,none,None,,none,,none,structure-ready-numeric-authoring-required,Weight;wmod;parry calibration
21,Iron Sword,Sword,weapon,equipped-weapon,hands,defensive_1h_blade,cut,designed,medium,6,,1,1,1,1H,high,5,,PA,none,none,,,,,,,true,,none,None,,none,,none,structure-ready-numeric-authoring-required,Weight;wmod;parry calibration
22,Mythril Sword,Sword,weapon,equipped-weapon,hands,defensive_1h_blade,cut,designed,medium,7,,1,1,1,1H,high,8,,PA,none,none,,,,,,,true,,none,None,,none,,none,structure-ready-numeric-authoring-required,Weight;wmod;parry calibration
23,Blood Sword,Sword,weapon,equipped-weapon,hands,defensive_1h_blade,cut,designed,medium,8,,1,1,1,1H,high,5,,PA,none,none,,,,,,,true,,none,None,,none,,none,structure-ready-numeric-authoring-required,Weight;wmod;parry calibration
24,Coral Sword,Sword,weapon,equipped-weapon,hands,defensive_1h_blade,cut,designed,medium,8,,1,1,1,1H,high,5,,PA,none,none,,,,,,,true,,none,Lightning,,none,,none,structure-ready-numeric-authoring-required,Weight;wmod;parry calibration
25,Ancient Sword,Sword,weapon,equipped-weapon,hands,defensive_1h_blade,cut,designed,medium,9,,1,1,1,1H,high,5,,PA,none,none,,,,,,,true,,none,None,,none,,none,structure-ready-numeric-authoring-required,Weight;wmod;parry calibration
26,Sleep Blade,Sword,weapon,equipped-weapon,hands,defensive_1h_blade,cut,designed,medium,9,,1,1,1,1H,high,5,,PA,none,none,,,,,,,true,,none,None,,none,,none,structure-ready-numeric-authoring-required,Weight;wmod;parry calibration
27,Platinum Sword,Sword,weapon,equipped-weapon,hands,defensive_1h_blade,cut,designed,medium,12,,1,1,1,1H,high,10,,PA,none,none,,,,,,,true,,none,None,,none,,none,structure-ready-numeric-authoring-required,Weight;wmod;parry calibration
28,Diamond Sword,Sword,weapon,equipped-weapon,hands,defensive_1h_blade,cut,designed,medium,10,,1,1,1,1H,high,10,,PA,none,none,,,,,,,true,,none,None,,none,,none,structure-ready-numeric-authoring-required,Weight;wmod;parry calibration
29,Icebrand,Sword,weapon,equipped-weapon,hands,defensive_1h_blade,cut,designed,medium,13,,1,1,1,1H,high,10,,PA,none,none,,,,,,,true,,none,Ice,,none,,none,structure-ready-numeric-authoring-required,Weight;wmod;parry calibration
30,Runeblade,Sword,weapon,equipped-weapon,hands,defensive_1h_blade,cut,designed,medium,14,,1,1,1,1H,high,15,,PA,none,none,,,,,,,true,,none,None,,none,,none,structure-ready-numeric-authoring-required,Weight;wmod;parry calibration
31,Nagnarok,Sword,weapon,equipped-weapon,hands,defensive_1h_blade,cut,designed,medium,1,,1,1,1,1H,high,50,,PA,none,none,,,,,,,true,,none,None,,none,,none,structure-ready-numeric-authoring-required,Weight;wmod;parry calibration
32,Materia Blade,Sword,weapon,equipped-weapon,hands,defensive_1h_blade,cut,designed,medium,10,,1,1,1,1H,high,10,,PA,none,none,,,,,,,true,,none,None,,none,,none,structure-ready-numeric-authoring-required,Weight;wmod;parry calibration
33,Defender,KnightSword,weapon,equipped-weapon,hands,brute_2h_blade,cut,designed,very-high,16,,1,1,1,2H,medium,60,,PA,none,none,,,,,,,true,,none,None,,none,,none,structure-ready-numeric-authoring-required,Weight;wmod;parry calibration
34,Save the Queen,KnightSword,weapon,equipped-weapon,hands,brute_2h_blade,cut,designed,very-high,18,,1,1,1,2H,medium,30,,PA,none,none,,,,,,,true,,none,None,,none,,none,structure-ready-numeric-authoring-required,Weight;wmod;parry calibration
35,Excalibur,KnightSword,weapon,equipped-weapon,hands,brute_2h_blade,cut,designed,very-high,21,,1,1,1,2H,medium,35,,PA,none,none,,,,,,,true,,none,None,,none,,none,structure-ready-numeric-authoring-required,Weight;wmod;parry calibration
36,Ragnarok,KnightSword,weapon,equipped-weapon,hands,brute_2h_blade,cut,designed,very-high,24,,1,1,1,2H,medium,20,,PA,none,none,,,,,,,true,,none,None,,none,,none,structure-ready-numeric-authoring-required,Weight;wmod;parry calibration
37,Chaos Blade,KnightSword,weapon,equipped-weapon,hands,brute_2h_blade,cut,designed,very-high,40,,1,1,1,2H,medium,20,,PA,none,none,,,,,,,true,,none,None,,none,,none,structure-ready-numeric-authoring-required,Weight;wmod;parry calibration
38,Ashura,Katana,weapon,equipped-weapon,hands,draw_out_2h_blade,cut,designed,high,7,,1,1,1,2H,high,15,,PA,none,none,,,,,,,true,,none,None,,none,,draw_out_repeatable_mp_cost,structure-ready-numeric-authoring-required,Weight;wmod;parry calibration;draw_out_repeatable_mp_cost
39,Kotetsu,Katana,weapon,equipped-weapon,hands,draw_out_2h_blade,cut,designed,high,8,,1,1,1,2H,high,15,,PA,none,none,,,,,,,true,,none,None,,none,,draw_out_repeatable_mp_cost,structure-ready-numeric-authoring-required,Weight;wmod;parry calibration;draw_out_repeatable_mp_cost
40,Bizen Osafune,Katana,weapon,equipped-weapon,hands,draw_out_2h_blade,cut,designed,high,9,,1,1,1,2H,high,15,,PA,none,none,,,,,,,true,,none,None,,none,,draw_out_repeatable_mp_cost,structure-ready-numeric-authoring-required,Weight;wmod;parry calibration;draw_out_repeatable_mp_cost
41,Murasame,Katana,weapon,equipped-weapon,hands,draw_out_2h_blade,cut,designed,high,10,,1,1,1,2H,high,15,,PA,none,none,,,,,,,true,,none,None,,none,,draw_out_repeatable_mp_cost,structure-ready-numeric-authoring-required,Weight;wmod;parry calibration;draw_out_repeatable_mp_cost
42,Ame-no-Murakumo,Katana,weapon,equipped-weapon,hands,draw_out_2h_blade,cut,designed,high,11,,1,1,1,2H,high,15,,PA,none,none,,,,,,,true,,none,None,,none,,draw_out_repeatable_mp_cost,structure-ready-numeric-authoring-required,Weight;wmod;parry calibration;draw_out_repeatable_mp_cost
43,Kiyomori,Katana,weapon,equipped-weapon,hands,draw_out_2h_blade,cut,designed,high,12,,1,1,1,2H,high,15,,PA,none,none,,,,,,,true,,none,None,,none,,draw_out_repeatable_mp_cost,structure-ready-numeric-authoring-required,Weight;wmod;parry calibration;draw_out_repeatable_mp_cost
44,Muramasa,Katana,weapon,equipped-weapon,hands,draw_out_2h_blade,cut,designed,high,14,,1,1,1,2H,high,15,,PA,none,none,,,,,,,true,,none,None,,none,,draw_out_repeatable_mp_cost,structure-ready-numeric-authoring-required,Weight;wmod;parry calibration;draw_out_repeatable_mp_cost
45,Kiku-ichimonji,Katana,weapon,equipped-weapon,hands,draw_out_2h_blade,cut,designed,high,15,,1,1,1,2H,high,15,,PA,none,none,,,,,,,true,,none,None,,none,,draw_out_repeatable_mp_cost,structure-ready-numeric-authoring-required,Weight;wmod;parry calibration;draw_out_repeatable_mp_cost
46,Masamune,Katana,weapon,equipped-weapon,hands,draw_out_2h_blade,cut,designed,high,18,,1,1,1,2H,high,15,,PA,none,none,,,,,,,true,,none,None,,none,,draw_out_repeatable_mp_cost,structure-ready-numeric-authoring-required,Weight;wmod;parry calibration;draw_out_repeatable_mp_cost
47,Chirijiraden,Katana,weapon,equipped-weapon,hands,draw_out_2h_blade,cut,designed,high,25,,1,1,1,2H,high,15,,PA,none,none,,,,,,,true,,none,None,,none,,draw_out_repeatable_mp_cost,structure-ready-numeric-authoring-required,Weight;wmod;parry calibration;draw_out_repeatable_mp_cost
48,Battle Axe,Axe,weapon,equipped-weapon,hands,anti_plate_brute,crush,designed,very-high,9,,1,1,1,1H,low,0,,PA,none,none,,,,,,,true,,none,None,,none,,none,structure-ready-numeric-authoring-required,Weight;wmod;parry calibration
49,Giant's Axe,Axe,weapon,equipped-weapon,hands,anti_plate_brute,crush,designed,very-high,12,,1,1,1,1H,low,0,,PA,none,none,,,,,,,true,,none,None,,none,,none,structure-ready-numeric-authoring-required,Weight;wmod;parry calibration
50,Slasher,Axe,weapon,equipped-weapon,hands,anti_plate_brute,crush,designed,very-high,16,,1,1,1,1H,low,0,,PA,none,none,,,,,,,true,,none,None,,none,,none,structure-ready-numeric-authoring-required,Weight;wmod;parry calibration
51,Rod,Rod,weapon,equipped-weapon,hands,offensive_magic_implement,magic,designed,n/a,3,,3,1,3,1H,none,20,,MA,none,none,,,,,,,true,,offensive_elemental_bolt,None,,none,,offensive_magic_modifier,structure-ready-numeric-authoring-required,Weight;wmod;explicit SKU element;magic modifier calibration;range data authoring;offensive_magic_modifier
52,Thunder Rod,Rod,weapon,equipped-weapon,hands,offensive_magic_implement,magic,designed,n/a,3,,3,1,3,1H,none,20,,MA,none,none,,,,,,,true,,offensive_elemental_bolt,Lightning,,none,,offensive_magic_modifier,structure-ready-numeric-authoring-required,Weight;wmod;explicit SKU element;magic modifier calibration;range data authoring;offensive_magic_modifier
53,Flame Rod,Rod,weapon,equipped-weapon,hands,offensive_magic_implement,magic,designed,n/a,3,,3,1,3,1H,none,20,,MA,none,none,,,,,,,true,,offensive_elemental_bolt,Fire,,none,,offensive_magic_modifier,structure-ready-numeric-authoring-required,Weight;wmod;explicit SKU element;magic modifier calibration;range data authoring;offensive_magic_modifier
54,Ice Rod,Rod,weapon,equipped-weapon,hands,offensive_magic_implement,magic,designed,n/a,3,,3,1,3,1H,none,20,,MA,none,none,,,,,,,true,,offensive_elemental_bolt,Ice,,none,,offensive_magic_modifier,structure-ready-numeric-authoring-required,Weight;wmod;explicit SKU element;magic modifier calibration;range data authoring;offensive_magic_modifier
55,Poison Rod,Rod,weapon,equipped-weapon,hands,offensive_magic_implement,magic,designed,n/a,3,,3,1,3,1H,none,20,,MA,none,none,,,,,,,true,,offensive_elemental_bolt,None,,none,,offensive_magic_modifier,structure-ready-numeric-authoring-required,Weight;wmod;explicit SKU element;magic modifier calibration;range data authoring;offensive_magic_modifier
56,Wizard's Rod,Rod,weapon,equipped-weapon,hands,offensive_magic_implement,magic,designed,n/a,4,,3,1,3,1H,none,20,,MA,none,none,,,,,,,true,,offensive_elemental_bolt,None,,none,,offensive_magic_modifier,structure-ready-numeric-authoring-required,Weight;wmod;explicit SKU element;magic modifier calibration;range data authoring;offensive_magic_modifier
57,Dragon Rod,Rod,weapon,equipped-weapon,hands,offensive_magic_implement,magic,designed,n/a,5,,3,1,3,1H,none,20,,MA,none,none,,,,,,,true,,offensive_elemental_bolt,None,,none,,offensive_magic_modifier,structure-ready-numeric-authoring-required,Weight;wmod;explicit SKU element;magic modifier calibration;range data authoring;offensive_magic_modifier
58,Rod of Faith,Rod,weapon,equipped-weapon,hands,offensive_magic_implement,magic,designed,n/a,5,,3,1,3,1H,none,20,,MA,none,none,,,,,,,true,,offensive_elemental_bolt,None,,none,,offensive_magic_modifier,structure-ready-numeric-authoring-required,Weight;wmod;explicit SKU element;magic modifier calibration;range data authoring;offensive_magic_modifier
59,Oak Staff,Staff,weapon,equipped-weapon,hands,support_magic_implement,magic,designed,n/a,3,,3,1,3,1H,none,15,,MA,none,none,,,,,,,true,,support_elemental_or_heal_bolt,None,,none,,support_heal_modifier,structure-ready-numeric-authoring-required,Weight;wmod;explicit SKU element;magic modifier calibration;range data authoring;support_heal_modifier
60,White Staff,Staff,weapon,equipped-weapon,hands,support_magic_implement,magic,designed,n/a,3,,3,1,3,1H,none,15,,MA,none,none,,,,,,,true,,support_elemental_or_heal_bolt,None,,none,,support_heal_modifier,structure-ready-numeric-authoring-required,Weight;wmod;explicit SKU element;magic modifier calibration;range data authoring;support_heal_modifier
61,Healing Staff,Staff,weapon,equipped-weapon,hands,support_magic_implement,magic,designed,n/a,4,,3,1,3,1H,none,15,,MA,none,none,,,,,,,true,,support_elemental_or_heal_bolt,None,,none,,support_heal_modifier,structure-ready-numeric-authoring-required,Weight;wmod;explicit SKU element;magic modifier calibration;range data authoring;support_heal_modifier
62,Serpent Staff,Staff,weapon,equipped-weapon,hands,support_magic_implement,magic,designed,n/a,5,,3,1,3,1H,none,15,,MA,none,none,,,,,,,true,,support_elemental_or_heal_bolt,None,,none,,support_heal_modifier,structure-ready-numeric-authoring-required,Weight;wmod;explicit SKU element;magic modifier calibration;range data authoring;support_heal_modifier
63,Mage's Staff,Staff,weapon,equipped-weapon,hands,support_magic_implement,magic,designed,n/a,4,,3,1,3,1H,none,15,,MA,none,none,,,,,,,true,,support_elemental_or_heal_bolt,None,,none,,support_heal_modifier,structure-ready-numeric-authoring-required,Weight;wmod;explicit SKU element;magic modifier calibration;range data authoring;support_heal_modifier
64,Golden Staff,Staff,weapon,equipped-weapon,hands,support_magic_implement,magic,designed,n/a,6,,3,1,3,1H,none,15,,MA,none,none,,,,,,,true,,support_elemental_or_heal_bolt,None,,none,,support_heal_modifier,structure-ready-numeric-authoring-required,Weight;wmod;explicit SKU element;magic modifier calibration;range data authoring;support_heal_modifier
65,Zeus Mace,Staff,weapon,equipped-weapon,hands,support_magic_implement,magic,designed,n/a,6,,3,1,3,1H,none,15,,MA,none,none,,,,,,,true,,support_elemental_or_heal_bolt,None,,none,,support_heal_modifier,structure-ready-numeric-authoring-required,Weight;wmod;explicit SKU element;magic modifier calibration;range data authoring;support_heal_modifier
66,Staff of the Magi,Staff,weapon,equipped-weapon,hands,support_magic_implement,magic,designed,n/a,7,,3,1,3,1H,none,15,,MA,none,none,,,,,,,true,,support_elemental_or_heal_bolt,None,,none,,support_heal_modifier,structure-ready-numeric-authoring-required,Weight;wmod;explicit SKU element;magic modifier calibration;range data authoring;support_heal_modifier
67,Iron Flail,Flail,weapon,equipped-weapon,hands,anti_guard_crusher,crush,designed,high,9,,1,1,1,1H,very-low,0,,PA,none,none,,,,,,,true,,none,None,,none,,defender_parry_minus4_block_minus2,structure-ready-numeric-authoring-required,Weight;wmod;parry calibration;defender_parry_minus4_block_minus2
68,Flail of Flame,Flail,weapon,equipped-weapon,hands,anti_guard_crusher,crush,designed,high,11,,1,1,1,1H,very-low,0,,PA,none,none,,,,,,,true,,none,Fire,,none,,defender_parry_minus4_block_minus2,structure-ready-numeric-authoring-required,Weight;wmod;parry calibration;defender_parry_minus4_block_minus2
69,Morning Star,Flail,weapon,equipped-weapon,hands,anti_guard_crusher,crush,designed,high,16,,1,1,1,1H,very-low,0,,PA,none,none,,,,,,,true,,none,None,,none,,defender_parry_minus4_block_minus2,structure-ready-numeric-authoring-required,Weight;wmod;parry calibration;defender_parry_minus4_block_minus2
70,Scorpion Tail,Flail,weapon,equipped-weapon,hands,anti_guard_crusher,crush,designed,high,23,,1,1,1,1H,very-low,0,,PA,none,none,,,,,,,true,,none,None,,none,,defender_parry_minus4_block_minus2,structure-ready-numeric-authoring-required,Weight;wmod;parry calibration;defender_parry_minus4_block_minus2
71,Romandan Pistol,Gun,weapon,equipped-weapon,hands,armor_defeater_ranged,missile,designed,medium-low,6,,native-projectile,8,8,2H,none,5,,weapon-skill,penetration,high,,,,,,,true,,none,None,,none,,straight_line,structure-ready-numeric-authoring-required,Weight;wmod;armor divisor calibration;straight_line
72,Mythril Gun,Gun,weapon,equipped-weapon,hands,armor_defeater_ranged,missile,designed,medium-low,8,,native-projectile,8,8,2H,none,5,,weapon-skill,penetration,high,,,,,,,true,,none,None,,none,,straight_line,structure-ready-numeric-authoring-required,Weight;wmod;armor divisor calibration;straight_line
73,Stoneshooter,Gun,weapon,equipped-weapon,hands,armor_defeater_ranged,missile,designed,medium-low,16,,native-projectile,8,8,2H,none,5,,weapon-skill,penetration,high,,,,,,,true,,none,None,,none,,straight_line,structure-ready-numeric-authoring-required,Weight;wmod;armor divisor calibration;straight_line
74,Glacial Gun,Gun,weapon,equipped-weapon,hands,armor_defeater_ranged,missile,designed,medium-low,20,,native-projectile,8,8,2H,none,5,,weapon-skill,penetration,high,,,,,,,true,,none,Ice,,none,,straight_line,structure-ready-numeric-authoring-required,Weight;wmod;armor divisor calibration;straight_line
75,Blaze Gun,Gun,weapon,equipped-weapon,hands,armor_defeater_ranged,missile,designed,medium-low,21,,native-projectile,8,8,2H,none,5,,weapon-skill,penetration,high,,,,,,,true,,none,Fire,,none,,straight_line,structure-ready-numeric-authoring-required,Weight;wmod;armor divisor calibration;straight_line
76,Blaster,Gun,weapon,equipped-weapon,hands,armor_defeater_ranged,missile,designed,medium-low,22,,native-projectile,8,8,2H,none,5,,weapon-skill,penetration,high,,,,,,,true,,none,Lightning,,none,,straight_line,structure-ready-numeric-authoring-required,Weight;wmod;armor divisor calibration;straight_line
77,Bowgun,Crossbow,weapon,equipped-weapon,hands,marksman_direct_ranged,missile,designed,medium,3,,native-projectile,4,4,2H,none,5,,weapon-skill,raw-damage,medium,,,,,,,true,,none,None,,none,,straight_line,structure-ready-numeric-authoring-required,Weight;wmod;armor divisor calibration;straight_line
78,Knightslayer,Crossbow,weapon,equipped-weapon,hands,marksman_direct_ranged,missile,designed,medium,3,,native-projectile,4,4,2H,none,5,,weapon-skill,raw-damage,medium,,,,,,,true,,none,None,,none,,straight_line,structure-ready-numeric-authoring-required,Weight;wmod;armor divisor calibration;straight_line
79,Crossbow,Crossbow,weapon,equipped-weapon,hands,marksman_direct_ranged,missile,designed,medium,4,,native-projectile,4,4,2H,none,5,,weapon-skill,raw-damage,medium,,,,,,,true,,none,None,,none,,straight_line,structure-ready-numeric-authoring-required,Weight;wmod;armor divisor calibration;straight_line
80,Poison Crossbow,Crossbow,weapon,equipped-weapon,hands,marksman_direct_ranged,missile,designed,medium,4,,native-projectile,4,4,2H,none,5,,weapon-skill,raw-damage,medium,,,,,,,true,,none,None,,none,,straight_line,structure-ready-numeric-authoring-required,Weight;wmod;armor divisor calibration;straight_line
81,Hunting Crossbow,Crossbow,weapon,equipped-weapon,hands,marksman_direct_ranged,missile,designed,medium,6,,native-projectile,4,4,2H,none,5,,weapon-skill,raw-damage,medium,,,,,,,true,,none,None,,none,,straight_line,structure-ready-numeric-authoring-required,Weight;wmod;armor divisor calibration;straight_line
82,Gastrophetes,Crossbow,weapon,equipped-weapon,hands,marksman_direct_ranged,missile,designed,medium,10,,native-projectile,4,4,2H,none,5,,weapon-skill,raw-damage,medium,,,,,,,true,,none,None,,none,,straight_line,structure-ready-numeric-authoring-required,Weight;wmod;armor divisor calibration;straight_line
83,Longbow,Bow,weapon,equipped-weapon,hands,arc_strength_ranged,missile,designed,medium,4,,native-projectile,5,5,2H,none,0,,PA,none,low,,,,,,,true,,none,None,,none,,arc_trajectory,structure-ready-numeric-authoring-required,Weight;wmod;armor divisor calibration;arc_trajectory
84,Silver Bow,Bow,weapon,equipped-weapon,hands,arc_strength_ranged,missile,designed,medium,5,,native-projectile,5,5,2H,none,0,,PA,none,low,,,,,,,true,,none,None,,none,,arc_trajectory,structure-ready-numeric-authoring-required,Weight;wmod;armor divisor calibration;arc_trajectory
85,Ice Bow,Bow,weapon,equipped-weapon,hands,arc_strength_ranged,missile,designed,medium,5,,native-projectile,5,5,2H,none,0,,PA,none,low,,,,,,,true,,none,Ice,,none,,arc_trajectory,structure-ready-numeric-authoring-required,Weight;wmod;armor divisor calibration;arc_trajectory
86,Lightning Bow,Bow,weapon,equipped-weapon,hands,arc_strength_ranged,missile,designed,medium,6,,native-projectile,5,5,2H,none,0,,PA,none,low,,,,,,,true,,none,Lightning,,none,,arc_trajectory,structure-ready-numeric-authoring-required,Weight;wmod;armor divisor calibration;arc_trajectory
87,Windslash Bow,Bow,weapon,equipped-weapon,hands,arc_strength_ranged,missile,designed,medium,8,,native-projectile,5,5,2H,none,0,,PA,none,low,,,,,,,true,,none,Wind,,none,,arc_trajectory,structure-ready-numeric-authoring-required,Weight;wmod;armor divisor calibration;arc_trajectory
88,Mythril Bow,Bow,weapon,equipped-weapon,hands,arc_strength_ranged,missile,designed,medium,7,,native-projectile,5,5,2H,none,0,,PA,none,low,,,,,,,true,,none,None,,none,,arc_trajectory,structure-ready-numeric-authoring-required,Weight;wmod;armor divisor calibration;arc_trajectory
89,Artemis Bow,Bow,weapon,equipped-weapon,hands,arc_strength_ranged,missile,designed,medium,10,,native-projectile,5,5,2H,none,0,,PA,none,low,,,,,,,true,,none,None,,none,,arc_trajectory,structure-ready-numeric-authoring-required,Weight;wmod;armor divisor calibration;arc_trajectory
90,Yoichi Bow,Bow,weapon,equipped-weapon,hands,arc_strength_ranged,missile,designed,medium,12,,native-projectile,5,5,2H,none,0,,PA,none,low,,,,,,,true,,none,None,,none,,arc_trajectory,structure-ready-numeric-authoring-required,Weight;wmod;armor divisor calibration;arc_trajectory
91,Perseus Bow,Bow,weapon,equipped-weapon,hands,arc_strength_ranged,missile,designed,medium,16,,native-projectile,5,5,2H,none,0,,PA,none,low,,,,,,,true,,none,None,,none,,arc_trajectory,structure-ready-numeric-authoring-required,Weight;wmod;armor divisor calibration;arc_trajectory
92,Lamia's Harp,Instrument,weapon,equipped-weapon,hands,bard_utility_platform,crush,designed,very-low,10,,1,3,1,2H,low,10,,PA,none,none,,,,,,,true,,none,None,,none,,song_identity_job_authored,structure-ready-numeric-authoring-required,Weight;wmod;parry calibration;song_identity_job_authored
93,Bloodstring Harp,Instrument,weapon,equipped-weapon,hands,bard_utility_platform,crush,designed,very-low,13,,1,3,1,2H,low,10,,PA,none,none,,,,,,,true,,none,None,,none,,song_identity_job_authored,structure-ready-numeric-authoring-required,Weight;wmod;parry calibration;song_identity_job_authored
94,Faerie Harp,Instrument,weapon,equipped-weapon,hands,bard_utility_platform,crush,designed,very-low,15,,1,3,1,2H,low,10,,PA,none,none,,,,,,,true,,none,None,,none,,song_identity_job_authored,structure-ready-numeric-authoring-required,Weight;wmod;parry calibration;song_identity_job_authored
95,Battle Folio,Book,weapon,equipped-weapon,hands,orator_utility_platform,crush,designed,very-low,7,,1,3,1,1H,low,15,,PA,none,none,,,,,,,true,,none,None,,none,,talk_identity_job_authored,structure-ready-numeric-authoring-required,Weight;wmod;parry calibration;talk_identity_job_authored
96,Bestiary,Book,weapon,equipped-weapon,hands,orator_utility_platform,crush,designed,very-low,8,,1,3,1,1H,low,15,,PA,none,none,,,,,,,true,,none,None,,none,,talk_identity_job_authored,structure-ready-numeric-authoring-required,Weight;wmod;parry calibration;talk_identity_job_authored
97,Papyrus Codex,Book,weapon,equipped-weapon,hands,orator_utility_platform,crush,designed,very-low,9,,1,3,1,1H,low,15,,PA,none,none,,,,,,,true,,none,None,,none,,talk_identity_job_authored,structure-ready-numeric-authoring-required,Weight;wmod;parry calibration;talk_identity_job_authored
98,Omnilex,Book,weapon,equipped-weapon,hands,orator_utility_platform,crush,designed,very-low,11,,1,3,1,1H,low,15,,PA,none,none,,,,,,,true,,none,None,,none,,talk_identity_job_authored,structure-ready-numeric-authoring-required,Weight;wmod;parry calibration;talk_identity_job_authored
99,Javelin,Polearm,weapon,equipped-weapon,hands,offensive_reach,thrust,designed,medium,8,,2,2,2,2H,medium,10,,PA,none,none,,,,,,,true,,none,None,,none,,reach_escape_counter_pointblank,structure-ready-numeric-authoring-required,Weight;wmod;parry calibration;reach_escape_counter_pointblank
100,Spear,Polearm,weapon,equipped-weapon,hands,offensive_reach,thrust,designed,medium,9,,2,2,2,2H,medium,10,,PA,none,none,,,,,,,true,,none,None,,none,,reach_escape_counter_pointblank,structure-ready-numeric-authoring-required,Weight;wmod;parry calibration;reach_escape_counter_pointblank
101,Mythril Spear,Polearm,weapon,equipped-weapon,hands,offensive_reach,thrust,designed,medium,10,,2,2,2,2H,medium,10,,PA,none,none,,,,,,,true,,none,None,,none,,reach_escape_counter_pointblank,structure-ready-numeric-authoring-required,Weight;wmod;parry calibration;reach_escape_counter_pointblank
102,Partisan,Polearm,weapon,equipped-weapon,hands,offensive_reach,thrust,designed,medium,11,,2,2,2,2H,medium,10,,PA,none,none,,,,,,,true,,none,None,,none,,reach_escape_counter_pointblank,structure-ready-numeric-authoring-required,Weight;wmod;parry calibration;reach_escape_counter_pointblank
103,Obelisk,Polearm,weapon,equipped-weapon,hands,offensive_reach,thrust,designed,medium,12,,2,2,2,2H,medium,10,,PA,none,none,,,,,,,true,,none,None,,none,,reach_escape_counter_pointblank,structure-ready-numeric-authoring-required,Weight;wmod;parry calibration;reach_escape_counter_pointblank
104,Holy Lance,Polearm,weapon,equipped-weapon,hands,offensive_reach,thrust,designed,medium,14,,2,2,2,2H,medium,10,,PA,none,none,,,,,,,true,,none,Holy,,none,,reach_escape_counter_pointblank,structure-ready-numeric-authoring-required,Weight;wmod;parry calibration;reach_escape_counter_pointblank
105,Dragon Whisker,Polearm,weapon,equipped-weapon,hands,offensive_reach,thrust,designed,medium,17,,2,2,2,2H,medium,10,,PA,none,none,,,,,,,true,,none,None,,none,,reach_escape_counter_pointblank,structure-ready-numeric-authoring-required,Weight;wmod;parry calibration;reach_escape_counter_pointblank
106,Javelin,Polearm,weapon,equipped-weapon,hands,offensive_reach,thrust,designed,medium,30,,2,2,2,2H,medium,10,,PA,none,none,,,,,,,true,,none,None,,none,,reach_escape_counter_pointblank,structure-ready-numeric-authoring-required,Weight;wmod;parry calibration;reach_escape_counter_pointblank
107,Cypress Pole,Pole,weapon,equipped-weapon,hands,defensive_reach,crush,designed,low-medium,6,,2,2,2,2H,very-high,20,,PA,none,none,,,,,,,true,,none,None,,none,,reach_escape_counter_pointblank,structure-ready-numeric-authoring-required,Weight;wmod;parry calibration;reach_escape_counter_pointblank
108,Battle Bamboo,Pole,weapon,equipped-weapon,hands,defensive_reach,crush,designed,low-medium,7,,2,2,2,2H,very-high,20,,PA,none,none,,,,,,,true,,none,None,,none,,reach_escape_counter_pointblank,structure-ready-numeric-authoring-required,Weight;wmod;parry calibration;reach_escape_counter_pointblank
109,Musk Pole,Pole,weapon,equipped-weapon,hands,defensive_reach,crush,designed,low-medium,8,,2,2,2,2H,very-high,20,,PA,none,none,,,,,,,true,,none,None,,none,,reach_escape_counter_pointblank,structure-ready-numeric-authoring-required,Weight;wmod;parry calibration;reach_escape_counter_pointblank
110,Iron Fan,Pole,weapon,equipped-weapon,hands,defensive_reach,crush,designed,low-medium,9,,2,2,2,2H,very-high,20,,PA,none,none,,,,,,,true,,none,None,,none,,reach_escape_counter_pointblank,structure-ready-numeric-authoring-required,Weight;wmod;parry calibration;reach_escape_counter_pointblank
111,Gokuu's Pole,Pole,weapon,equipped-weapon,hands,defensive_reach,crush,designed,low-medium,10,,2,2,2,2H,very-high,20,,PA,none,none,,,,,,,true,,none,None,,none,,reach_escape_counter_pointblank,structure-ready-numeric-authoring-required,Weight;wmod;parry calibration;reach_escape_counter_pointblank
112,Ivory Pole,Pole,weapon,equipped-weapon,hands,defensive_reach,crush,designed,low-medium,11,,2,2,2,2H,very-high,20,,PA,none,none,,,,,,,true,,none,None,,none,,reach_escape_counter_pointblank,structure-ready-numeric-authoring-required,Weight;wmod;parry calibration;reach_escape_counter_pointblank
113,Eight-fluted Pole,Pole,weapon,equipped-weapon,hands,defensive_reach,crush,designed,low-medium,12,,2,2,2,2H,very-high,20,,PA,none,none,,,,,,,true,,none,None,,none,,reach_escape_counter_pointblank,structure-ready-numeric-authoring-required,Weight;wmod;parry calibration;reach_escape_counter_pointblank
114,Whale Whisker,Pole,weapon,equipped-weapon,hands,defensive_reach,crush,designed,low-medium,16,,2,2,2,2H,very-high,20,,PA,none,none,,,,,,,true,,none,None,,none,,reach_escape_counter_pointblank,structure-ready-numeric-authoring-required,Weight;wmod;parry calibration;reach_escape_counter_pointblank
115,Catskin Bag,Bag,weapon,equipped-weapon,hands,job_utility_platform,crush,designed,low,10,,1,1,1,1H,low,0,,PA,none,none,,,,,,,true,,none,None,,none,,job_buff_or_debuff_pending,structure-ready-numeric-authoring-required,Weight;wmod;parry calibration;job_buff_or_debuff_pending
116,Fallingstar Bag,Bag,weapon,equipped-weapon,hands,job_utility_platform,crush,designed,low,20,,1,1,1,1H,low,0,,PA,none,none,,,,,,,true,,none,None,,none,,job_buff_or_debuff_pending,structure-ready-numeric-authoring-required,Weight;wmod;parry calibration;job_buff_or_debuff_pending
117,Proudhide Bag,Bag,weapon,equipped-weapon,hands,job_utility_platform,crush,designed,low,12,,1,1,1,1H,low,0,,PA,none,none,,,,,,,true,,none,None,,none,,job_buff_or_debuff_pending,structure-ready-numeric-authoring-required,Weight;wmod;parry calibration;job_buff_or_debuff_pending
118,Hardscale Bag,Bag,weapon,equipped-weapon,hands,job_utility_platform,crush,designed,low,14,,1,1,1,1H,low,0,,PA,none,none,,,,,,,true,,none,None,,none,,job_buff_or_debuff_pending,structure-ready-numeric-authoring-required,Weight;wmod;parry calibration;job_buff_or_debuff_pending
119,Damask Cloth,Cloth,weapon,equipped-weapon,hands,dancer_utility_platform,crush,designed,very-low,8,,2,2,2,1H,low,50,,PA,none,none,,,,,,,true,,none,None,,none,,dance_identity_job_authored,structure-ready-numeric-authoring-required,Weight;wmod;parry calibration;dance_identity_job_authored
120,Cashmere,Cloth,weapon,equipped-weapon,hands,dancer_utility_platform,crush,designed,very-low,10,,2,2,2,1H,low,50,,PA,none,none,,,,,,,true,,none,None,,none,,dance_identity_job_authored,structure-ready-numeric-authoring-required,Weight;wmod;parry calibration;dance_identity_job_authored
121,Wyrmweave Silk,Cloth,weapon,equipped-weapon,hands,dancer_utility_platform,crush,designed,very-low,15,,2,2,2,1H,low,50,,PA,none,none,,,,,,,true,,none,None,,none,,dance_identity_job_authored,structure-ready-numeric-authoring-required,Weight;wmod;parry calibration;dance_identity_job_authored
122,Shuriken,Throwing,weapon,thrown-payload-external,inventory,throw_command_payload,external,requires-formula-policy,,4,,throw-command,0,,not-equipped,,0,,throw-command,,,,,,,,,false,,none,None,,none,,none,reverse-engineering,throw payload formula;damage type;range/trajectory;inventory consumption;DCL hit/defense routing
123,Fuma Shuriken,Throwing,weapon,thrown-payload-external,inventory,throw_command_payload,external,requires-formula-policy,,7,,throw-command,0,,not-equipped,,0,,throw-command,,,,,,,,,false,,none,None,,none,,none,reverse-engineering,throw payload formula;damage type;range/trajectory;inventory consumption;DCL hit/defense routing
124,Yagyu Darkrood,Throwing,weapon,thrown-payload-external,inventory,throw_command_payload,external,requires-formula-policy,,10,,throw-command,0,,not-equipped,,0,,throw-command,,,,,,,,,false,,none,None,,none,,none,reverse-engineering,throw payload formula;damage type;range/trajectory;inventory consumption;DCL hit/defense routing
125,Flameburst Bomb,Bomb,weapon,thrown-payload-external,inventory,throw_command_payload,external,requires-formula-policy,,8,,throw-command,0,,not-equipped,,0,,throw-command,,,,,,,,,false,,none,Fire,,none,,none,reverse-engineering,throw payload formula;damage type;range/trajectory;inventory consumption;DCL hit/defense routing
126,Snowmelt Bomb,Bomb,weapon,thrown-payload-external,inventory,throw_command_payload,external,requires-formula-policy,,8,,throw-command,0,,not-equipped,,0,,throw-command,,,,,,,,,false,,none,Water,,none,,none,reverse-engineering,throw payload formula;damage type;range/trajectory;inventory consumption;DCL hit/defense routing
127,Spark Bomb,Bomb,weapon,thrown-payload-external,inventory,throw_command_payload,external,requires-formula-policy,,8,,throw-command,0,,not-equipped,,0,,throw-command,,,,,,,,,false,,none,Lightning,,none,,none,reverse-engineering,throw payload formula;damage type;range/trajectory;inventory consumption;DCL hit/defense routing
128,Escutcheon,Shield,shield,shield,off-hand,finite_active_wall,,n/a,,,,,,,off-hand-with-1H,,,,,,,,,,,,,true,,none,,,shield,,none,structure-ready-numeric-authoring-required,Weight;Block calibration;1H/off-hand eligibility;physical and missile coverage
129,Buckler,Shield,shield,shield,off-hand,finite_active_wall,,n/a,,,,,,,off-hand-with-1H,,,,,,,,,,,,,true,,none,,,shield,,none,structure-ready-numeric-authoring-required,Weight;Block calibration;1H/off-hand eligibility;physical and missile coverage
130,Bronze Shield,Shield,shield,shield,off-hand,finite_active_wall,,n/a,,,,,,,off-hand-with-1H,,,,,,,,,,,,,true,,none,,,shield,,none,structure-ready-numeric-authoring-required,Weight;Block calibration;1H/off-hand eligibility;physical and missile coverage
131,Round Shield,Shield,shield,shield,off-hand,finite_active_wall,,n/a,,,,,,,off-hand-with-1H,,,,,,,,,,,,,true,,none,,,shield,,none,structure-ready-numeric-authoring-required,Weight;Block calibration;1H/off-hand eligibility;physical and missile coverage
132,Mythril Shield,Shield,shield,shield,off-hand,finite_active_wall,,n/a,,,,,,,off-hand-with-1H,,,,,,,,,,,,,true,,none,,,shield,,none,structure-ready-numeric-authoring-required,Weight;Block calibration;1H/off-hand eligibility;physical and missile coverage
133,Golden Shield,Shield,shield,shield,off-hand,finite_active_wall,,n/a,,,,,,,off-hand-with-1H,,,,,,,,,,,,,true,,none,,,shield,,none,structure-ready-numeric-authoring-required,Weight;Block calibration;1H/off-hand eligibility;physical and missile coverage
134,Ice Shield,Shield,shield,shield,off-hand,finite_active_wall,,n/a,,,,,,,off-hand-with-1H,,,,,,,,,,,,,true,,none,,,shield,,none,structure-ready-numeric-authoring-required,Weight;Block calibration;1H/off-hand eligibility;physical and missile coverage
135,Flame Shield,Shield,shield,shield,off-hand,finite_active_wall,,n/a,,,,,,,off-hand-with-1H,,,,,,,,,,,,,true,,none,,,shield,,none,structure-ready-numeric-authoring-required,Weight;Block calibration;1H/off-hand eligibility;physical and missile coverage
136,Aegis Shield,Shield,shield,shield,off-hand,finite_active_wall,,n/a,,,,,,,off-hand-with-1H,,,,,,,,,,,,,true,,none,,,shield,,none,structure-ready-numeric-authoring-required,Weight;Block calibration;1H/off-hand eligibility;physical and missile coverage
137,Diamond Shield,Shield,shield,shield,off-hand,finite_active_wall,,n/a,,,,,,,off-hand-with-1H,,,,,,,,,,,,,true,,none,,,shield,,none,structure-ready-numeric-authoring-required,Weight;Block calibration;1H/off-hand eligibility;physical and missile coverage
138,Platinum Shield,Shield,shield,shield,off-hand,finite_active_wall,,n/a,,,,,,,off-hand-with-1H,,,,,,,,,,,,,true,,none,,,shield,,none,structure-ready-numeric-authoring-required,Weight;Block calibration;1H/off-hand eligibility;physical and missile coverage
139,Crystal Shield,Shield,shield,shield,off-hand,finite_active_wall,,n/a,,,,,,,off-hand-with-1H,,,,,,,,,,,,,true,,none,,,shield,,none,structure-ready-numeric-authoring-required,Weight;Block calibration;1H/off-hand eligibility;physical and missile coverage
140,Genji Shield,Shield,shield,shield,off-hand,finite_active_wall,,n/a,,,,,,,off-hand-with-1H,,,,,,,,,,,,,true,,none,,,shield,,none,structure-ready-numeric-authoring-required,Weight;Block calibration;1H/off-hand eligibility;physical and missile coverage
141,Kaiser Shield,Shield,shield,shield,off-hand,finite_active_wall,,n/a,,,,,,,off-hand-with-1H,,,,,,,,,,,,,true,,none,,,shield,,none,structure-ready-numeric-authoring-required,Weight;Block calibration;1H/off-hand eligibility;physical and missile coverage
142,Venetian Shield,Shield,shield,shield,off-hand,finite_active_wall,,n/a,,,,,,,off-hand-with-1H,,,,,,,,,,,,,true,,none,,,shield,,none,structure-ready-numeric-authoring-required,Weight;Block calibration;1H/off-hand eligibility;physical and missile coverage
143,Escutcheon,Shield,shield,shield,off-hand,finite_active_wall,,n/a,,,,,,,off-hand-with-1H,,,,,,,,,,,,,true,,none,,,shield,,none,structure-ready-numeric-authoring-required,Weight;Block calibration;1H/off-hand eligibility;physical and missile coverage
144,Leather Helm,Helmet,armor,headgear,head,martial-head,,n/a,,,,,,,,,,,,,,,martial-head,,,,,true,,none,,,none,,none,identity-authoring-required,head-slot HP/MP/DR identity decision;Weight;per-SKU stats
145,Bronze Helm,Helmet,armor,headgear,head,martial-head,,n/a,,,,,,,,,,,,,,,martial-head,,,,,true,,none,,,none,,none,identity-authoring-required,head-slot HP/MP/DR identity decision;Weight;per-SKU stats
146,Iron Helm,Helmet,armor,headgear,head,martial-head,,n/a,,,,,,,,,,,,,,,martial-head,,,,,true,,none,,,none,,none,identity-authoring-required,head-slot HP/MP/DR identity decision;Weight;per-SKU stats
147,Barbut,Helmet,armor,headgear,head,martial-head,,n/a,,,,,,,,,,,,,,,martial-head,,,,,true,,none,,,none,,none,identity-authoring-required,head-slot HP/MP/DR identity decision;Weight;per-SKU stats
148,Mythril Helm,Helmet,armor,headgear,head,martial-head,,n/a,,,,,,,,,,,,,,,martial-head,,,,,true,,none,,,none,,none,identity-authoring-required,head-slot HP/MP/DR identity decision;Weight;per-SKU stats
149,Golden Helm,Helmet,armor,headgear,head,martial-head,,n/a,,,,,,,,,,,,,,,martial-head,,,,,true,,none,,,none,,none,identity-authoring-required,head-slot HP/MP/DR identity decision;Weight;per-SKU stats
150,Close Helmet,Helmet,armor,headgear,head,martial-head,,n/a,,,,,,,,,,,,,,,martial-head,,,,,true,,none,,,none,,none,identity-authoring-required,head-slot HP/MP/DR identity decision;Weight;per-SKU stats
151,Diamond Helm,Helmet,armor,headgear,head,martial-head,,n/a,,,,,,,,,,,,,,,martial-head,,,,,true,,none,,,none,,none,identity-authoring-required,head-slot HP/MP/DR identity decision;Weight;per-SKU stats
152,Platinum Helm,Helmet,armor,headgear,head,martial-head,,n/a,,,,,,,,,,,,,,,martial-head,,,,,true,,none,,,none,,none,identity-authoring-required,head-slot HP/MP/DR identity decision;Weight;per-SKU stats
153,Circlet,Helmet,armor,headgear,head,martial-head,,n/a,,,,,,,,,,,,,,,martial-head,,,,,true,,none,,,none,,none,identity-authoring-required,head-slot HP/MP/DR identity decision;Weight;per-SKU stats
154,Crystal Helm,Helmet,armor,headgear,head,martial-head,,n/a,,,,,,,,,,,,,,,martial-head,,,,,true,,none,,,none,,none,identity-authoring-required,head-slot HP/MP/DR identity decision;Weight;per-SKU stats
155,Genji Helm,Helmet,armor,headgear,head,martial-head,,n/a,,,,,,,,,,,,,,,martial-head,,,,,true,,none,,,none,,none,identity-authoring-required,head-slot HP/MP/DR identity decision;Weight;per-SKU stats
156,Grand Helm,Helmet,armor,headgear,head,martial-head,,n/a,,,,,,,,,,,,,,,martial-head,,,,,true,,none,,,none,,none,identity-authoring-required,head-slot HP/MP/DR identity decision;Weight;per-SKU stats
157,Leather Cap,Hat,armor,headgear,head,caster-head,,n/a,,,,,,,,,,,,,,,caster-head,,,,,true,,none,,,none,,none,identity-authoring-required,head-slot HP/MP/DR identity decision;Weight;per-SKU stats
158,Plumed Hat,Hat,armor,headgear,head,caster-head,,n/a,,,,,,,,,,,,,,,caster-head,,,,,true,,none,,,none,,none,identity-authoring-required,head-slot HP/MP/DR identity decision;Weight;per-SKU stats
159,Red Hood,Hat,armor,headgear,head,caster-head,,n/a,,,,,,,,,,,,,,,caster-head,,,,,true,,none,,,none,,none,identity-authoring-required,head-slot HP/MP/DR identity decision;Weight;per-SKU stats
160,Headgear,Hat,armor,headgear,head,caster-head,,n/a,,,,,,,,,,,,,,,caster-head,,,,,true,,none,,,none,,none,identity-authoring-required,head-slot HP/MP/DR identity decision;Weight;per-SKU stats
161,Wizard's Hat,Hat,armor,headgear,head,caster-head,,n/a,,,,,,,,,,,,,,,caster-head,,,,,true,,none,,,none,,none,identity-authoring-required,head-slot HP/MP/DR identity decision;Weight;per-SKU stats
162,Green Beret,Hat,armor,headgear,head,caster-head,,n/a,,,,,,,,,,,,,,,caster-head,,,,,true,,none,,,none,,none,identity-authoring-required,head-slot HP/MP/DR identity decision;Weight;per-SKU stats
163,Headband,Hat,armor,headgear,head,caster-head,,n/a,,,,,,,,,,,,,,,caster-head,,,,,true,,none,,,none,,none,identity-authoring-required,head-slot HP/MP/DR identity decision;Weight;per-SKU stats
164,Celebrant's Miter,Hat,armor,headgear,head,caster-head,,n/a,,,,,,,,,,,,,,,caster-head,,,,,true,,none,,,none,,none,identity-authoring-required,head-slot HP/MP/DR identity decision;Weight;per-SKU stats
165,Black Cowl,Hat,armor,headgear,head,caster-head,,n/a,,,,,,,,,,,,,,,caster-head,,,,,true,,none,,,none,,none,identity-authoring-required,head-slot HP/MP/DR identity decision;Weight;per-SKU stats
166,Gold Hairpin,Hat,armor,headgear,head,caster-head,,n/a,,,,,,,,,,,,,,,caster-head,,,,,true,,none,,,none,,none,identity-authoring-required,head-slot HP/MP/DR identity decision;Weight;per-SKU stats
167,Lambent Hat,Hat,armor,headgear,head,caster-head,,n/a,,,,,,,,,,,,,,,caster-head,,,,,true,,none,,,none,,none,identity-authoring-required,head-slot HP/MP/DR identity decision;Weight;per-SKU stats
168,Thief's Cap,Hat,armor,headgear,head,caster-head,,n/a,,,,,,,,,,,,,,,caster-head,,,,,true,,none,,,none,,none,identity-authoring-required,head-slot HP/MP/DR identity decision;Weight;per-SKU stats
169,Hairband,HairAdornment,armor,headgear,head,special-head,,n/a,,,,,,,,,,,,,,,special-head,,,,,true,,none,,,none,,none,identity-authoring-required,head-slot HP/MP/DR identity decision;Weight;per-SKU stats
170,Barrette,HairAdornment,armor,headgear,head,special-head,,n/a,,,,,,,,,,,,,,,special-head,,,,,true,,none,,,none,,none,identity-authoring-required,head-slot HP/MP/DR identity decision;Weight;per-SKU stats
171,Ribbon,HairAdornment,armor,headgear,head,special-head,,n/a,,,,,,,,,,,,,,,special-head,,,,,true,,none,,,none,,none,identity-authoring-required,head-slot HP/MP/DR identity decision;Weight;per-SKU stats
172,Leather Armor,Armor,armor,body-armor,body,heavy_body_chassis,,n/a,,,,,,,,,,,,,,,heavy,9/8/3,,,,true,,none,,,none,,none,structure-ready-numeric-authoring-required,Weight;per-SKU DR;modest HP policy;native HP retune
173,Linen Cuirass,Armor,armor,body-armor,body,heavy_body_chassis,,n/a,,,,,,,,,,,,,,,heavy,9/8/3,,,,true,,none,,,none,,none,structure-ready-numeric-authoring-required,Weight;per-SKU DR;modest HP policy;native HP retune
174,Bronze Armor,Armor,armor,body-armor,body,heavy_body_chassis,,n/a,,,,,,,,,,,,,,,heavy,9/8/3,,,,true,,none,,,none,,none,structure-ready-numeric-authoring-required,Weight;per-SKU DR;modest HP policy;native HP retune
175,Chainmail,Armor,armor,body-armor,body,heavy_body_chassis,,n/a,,,,,,,,,,,,,,,heavy,9/8/3,,,,true,,none,,,none,,none,structure-ready-numeric-authoring-required,Weight;per-SKU DR;modest HP policy;native HP retune
176,Mythril Armor,Armor,armor,body-armor,body,heavy_body_chassis,,n/a,,,,,,,,,,,,,,,heavy,9/8/3,,,,true,,none,,,none,,none,structure-ready-numeric-authoring-required,Weight;per-SKU DR;modest HP policy;native HP retune
177,Plate Mail,Armor,armor,body-armor,body,heavy_body_chassis,,n/a,,,,,,,,,,,,,,,heavy,9/8/3,,,,true,,none,,,none,,none,structure-ready-numeric-authoring-required,Weight;per-SKU DR;modest HP policy;native HP retune
178,Golden Armor,Armor,armor,body-armor,body,heavy_body_chassis,,n/a,,,,,,,,,,,,,,,heavy,9/8/3,,,,true,,none,,,none,,none,structure-ready-numeric-authoring-required,Weight;per-SKU DR;modest HP policy;native HP retune
179,Diamond Armor,Armor,armor,body-armor,body,heavy_body_chassis,,n/a,,,,,,,,,,,,,,,heavy,9/8/3,,,,true,,none,,,none,,none,structure-ready-numeric-authoring-required,Weight;per-SKU DR;modest HP policy;native HP retune
180,Platinum Armor,Armor,armor,body-armor,body,heavy_body_chassis,,n/a,,,,,,,,,,,,,,,heavy,9/8/3,,,,true,,none,,,none,,none,structure-ready-numeric-authoring-required,Weight;per-SKU DR;modest HP policy;native HP retune
181,Carabineer Mail,Armor,armor,body-armor,body,heavy_body_chassis,,n/a,,,,,,,,,,,,,,,heavy,9/8/3,,,,true,,none,,,none,,none,structure-ready-numeric-authoring-required,Weight;per-SKU DR;modest HP policy;native HP retune
182,Crystal Mail,Armor,armor,body-armor,body,heavy_body_chassis,,n/a,,,,,,,,,,,,,,,heavy,9/8/3,,,,true,,none,,,none,,none,structure-ready-numeric-authoring-required,Weight;per-SKU DR;modest HP policy;native HP retune
183,Genji Armor,Armor,armor,body-armor,body,heavy_body_chassis,,n/a,,,,,,,,,,,,,,,heavy,9/8/3,,,,true,,none,,,none,,none,structure-ready-numeric-authoring-required,Weight;per-SKU DR;modest HP policy;native HP retune
184,Mirror Mail,Armor,armor,body-armor,body,heavy_body_chassis,,n/a,,,,,,,,,,,,,,,heavy,9/8/3,,,,true,,none,,,none,,none,structure-ready-numeric-authoring-required,Weight;per-SKU DR;modest HP policy;native HP retune
185,Maximillian,Armor,armor,body-armor,body,heavy_body_chassis,,n/a,,,,,,,,,,,,,,,heavy,9/8/3,,,,true,,none,,,none,,none,structure-ready-numeric-authoring-required,Weight;per-SKU DR;modest HP policy;native HP retune
186,Clothing,Clothing,armor,body-armor,body,light_body_chassis,,n/a,,,,,,,,,,,,,,,light,2/2/2,,,,true,,none,,,none,,none,structure-ready-numeric-authoring-required,Weight;per-SKU DR;modest HP policy;native HP retune
187,Leather Clothing,Clothing,armor,body-armor,body,light_body_chassis,,n/a,,,,,,,,,,,,,,,light,2/2/2,,,,true,,none,,,none,,none,structure-ready-numeric-authoring-required,Weight;per-SKU DR;modest HP policy;native HP retune
188,Leather Plate,Clothing,armor,body-armor,body,light_body_chassis,,n/a,,,,,,,,,,,,,,,light,2/2/2,,,,true,,none,,,none,,none,structure-ready-numeric-authoring-required,Weight;per-SKU DR;modest HP policy;native HP retune
189,Ringmail,Clothing,armor,body-armor,body,light_body_chassis,,n/a,,,,,,,,,,,,,,,light,2/2/2,,,,true,,none,,,none,,none,structure-ready-numeric-authoring-required,Weight;per-SKU DR;modest HP policy;native HP retune
190,Mythril Vest,Clothing,armor,body-armor,body,light_body_chassis,,n/a,,,,,,,,,,,,,,,light,2/2/2,,,,true,,none,,,none,,none,structure-ready-numeric-authoring-required,Weight;per-SKU DR;modest HP policy;native HP retune
191,Adamant Vest,Clothing,armor,body-armor,body,light_body_chassis,,n/a,,,,,,,,,,,,,,,light,2/2/2,,,,true,,none,,,none,,none,structure-ready-numeric-authoring-required,Weight;per-SKU DR;modest HP policy;native HP retune
192,Wizard Clothing,Clothing,armor,body-armor,body,light_body_chassis,,n/a,,,,,,,,,,,,,,,light,2/2/2,,,,true,,none,,,none,,none,structure-ready-numeric-authoring-required,Weight;per-SKU DR;modest HP policy;native HP retune
193,Brigandine,Clothing,armor,body-armor,body,light_body_chassis,,n/a,,,,,,,,,,,,,,,light,2/2/2,,,,true,,none,,,none,,none,structure-ready-numeric-authoring-required,Weight;per-SKU DR;modest HP policy;native HP retune
194,Jujitsu Gi,Clothing,armor,body-armor,body,light_body_chassis,,n/a,,,,,,,,,,,,,,,light,2/2/2,,,,true,,none,,,none,,none,structure-ready-numeric-authoring-required,Weight;per-SKU DR;modest HP policy;native HP retune
195,Power Garb,Clothing,armor,body-armor,body,light_body_chassis,,n/a,,,,,,,,,,,,,,,light,2/2/2,,,,true,,none,,,none,,none,structure-ready-numeric-authoring-required,Weight;per-SKU DR;modest HP policy;native HP retune
196,Gaia Gear,Clothing,armor,body-armor,body,light_body_chassis,,n/a,,,,,,,,,,,,,,,light,2/2/2,,,,true,,none,,,none,,none,structure-ready-numeric-authoring-required,Weight;per-SKU DR;modest HP policy;native HP retune
197,Ninja Gear,Clothing,armor,body-armor,body,light_body_chassis,,n/a,,,,,,,,,,,,,,,light,2/2/2,,,,true,,none,,,none,,none,structure-ready-numeric-authoring-required,Weight;per-SKU DR;modest HP policy;native HP retune
198,Black Garb,Clothing,armor,body-armor,body,light_body_chassis,,n/a,,,,,,,,,,,,,,,light,2/2/2,,,,true,,none,,,none,,none,structure-ready-numeric-authoring-required,Weight;per-SKU DR;modest HP policy;native HP retune
199,Rubber Suit,Clothing,armor,body-armor,body,light_body_chassis,,n/a,,,,,,,,,,,,,,,light,2/2/2,,,,true,,none,,,none,,none,structure-ready-numeric-authoring-required,Weight;per-SKU DR;modest HP policy;native HP retune
200,Hempen Robe,Robe,armor,body-armor,body,robe_body_chassis,,n/a,,,,,,,,,,,,,,,robe,0/0/0,,,,true,,none,,,none,,none,structure-ready-numeric-authoring-required,Weight;per-SKU DR;modest HP policy;native HP retune
201,Silken Robe,Robe,armor,body-armor,body,robe_body_chassis,,n/a,,,,,,,,,,,,,,,robe,0/0/0,,,,true,,none,,,none,,none,structure-ready-numeric-authoring-required,Weight;per-SKU DR;modest HP policy;native HP retune
202,Wizard's Robe,Robe,armor,body-armor,body,robe_body_chassis,,n/a,,,,,,,,,,,,,,,robe,0/0/0,,,,true,,none,,,none,,none,structure-ready-numeric-authoring-required,Weight;per-SKU DR;modest HP policy;native HP retune
203,Chameleon Robe,Robe,armor,body-armor,body,robe_body_chassis,,n/a,,,,,,,,,,,,,,,robe,0/0/0,,,,true,,none,,,none,,none,structure-ready-numeric-authoring-required,Weight;per-SKU DR;modest HP policy;native HP retune
204,White Robe,Robe,armor,body-armor,body,robe_body_chassis,,n/a,,,,,,,,,,,,,,,robe,0/0/0,,,,true,,none,,,none,,none,structure-ready-numeric-authoring-required,Weight;per-SKU DR;modest HP policy;native HP retune
205,Black Robe,Robe,armor,body-armor,body,robe_body_chassis,,n/a,,,,,,,,,,,,,,,robe,0/0/0,,,,true,,none,,,none,,none,structure-ready-numeric-authoring-required,Weight;per-SKU DR;modest HP policy;native HP retune
206,Luminous Robe,Robe,armor,body-armor,body,robe_body_chassis,,n/a,,,,,,,,,,,,,,,robe,0/0/0,,,,true,,none,,,none,,none,structure-ready-numeric-authoring-required,Weight;per-SKU DR;modest HP policy;native HP retune
207,Lordly Robe,Robe,armor,body-armor,body,robe_body_chassis,,n/a,,,,,,,,,,,,,,,robe,0/0/0,,,,true,,none,,,none,,none,structure-ready-numeric-authoring-required,Weight;per-SKU DR;modest HP policy;native HP retune
208,Battle Boots,Shoes,accessory,accessory,accessory,specialization-trinket,,n/a,,,,,,,,,,,,,,,accessory,,,,,true,,none,,,none,,none,identity-authoring-required,accessory identity policy;Weight;per-SKU resists/movement/specials
209,Spiked Boots,Shoes,accessory,accessory,accessory,specialization-trinket,,n/a,,,,,,,,,,,,,,,accessory,,,,,true,,none,,,none,,none,identity-authoring-required,accessory identity policy;Weight;per-SKU resists/movement/specials
210,Germinas Boots,Shoes,accessory,accessory,accessory,specialization-trinket,,n/a,,,,,,,,,,,,,,,accessory,,,,,true,,none,,,none,,none,identity-authoring-required,accessory identity policy;Weight;per-SKU resists/movement/specials
211,Rubber Boots,Shoes,accessory,accessory,accessory,specialization-trinket,,n/a,,,,,,,,,,,,,,,accessory,,,,,true,,none,,,none,,none,identity-authoring-required,accessory identity policy;Weight;per-SKU resists/movement/specials
212,Winged Boots,Shoes,accessory,accessory,accessory,specialization-trinket,,n/a,,,,,,,,,,,,,,,accessory,,,,,true,,none,,,none,,none,identity-authoring-required,accessory identity policy;Weight;per-SKU resists/movement/specials
213,Hermes Shoes,Shoes,accessory,accessory,accessory,specialization-trinket,,n/a,,,,,,,,,,,,,,,accessory,,,,,true,,none,,,none,,none,identity-authoring-required,accessory identity policy;Weight;per-SKU resists/movement/specials
214,Red Shoes,Shoes,accessory,accessory,accessory,specialization-trinket,,n/a,,,,,,,,,,,,,,,accessory,,,,,true,,none,,,none,,none,identity-authoring-required,accessory identity policy;Weight;per-SKU resists/movement/specials
215,Power Gauntlets,Armguard,accessory,accessory,accessory,specialization-trinket,,n/a,,,,,,,,,,,,,,,accessory,,,,,true,,none,,,none,,none,identity-authoring-required,accessory identity policy;Weight;per-SKU resists/movement/specials
216,Genji Gloves,Armguard,accessory,accessory,accessory,specialization-trinket,,n/a,,,,,,,,,,,,,,,accessory,,,,,true,,none,,,none,,none,identity-authoring-required,accessory identity policy;Weight;per-SKU resists/movement/specials
217,Magepower Gloves,Armguard,accessory,accessory,accessory,specialization-trinket,,n/a,,,,,,,,,,,,,,,accessory,,,,,true,,none,,,none,,none,identity-authoring-required,accessory identity policy;Weight;per-SKU resists/movement/specials
218,Bracers,Armguard,accessory,accessory,accessory,specialization-trinket,,n/a,,,,,,,,,,,,,,,accessory,,,,,true,,none,,,none,,none,identity-authoring-required,accessory identity policy;Weight;per-SKU resists/movement/specials
219,Reflect Ring,Ring,accessory,accessory,accessory,specialization-trinket,,n/a,,,,,,,,,,,,,,,accessory,,,,,true,,none,,,none,,none,identity-authoring-required,accessory identity policy;Weight;per-SKU resists/movement/specials
220,Protect Ring,Ring,accessory,accessory,accessory,specialization-trinket,,n/a,,,,,,,,,,,,,,,accessory,,,,,true,,none,,,none,,none,identity-authoring-required,accessory identity policy;Weight;per-SKU resists/movement/specials
221,Magick Ring,Ring,accessory,accessory,accessory,specialization-trinket,,n/a,,,,,,,,,,,,,,,accessory,,,,,true,,none,,,none,,none,identity-authoring-required,accessory identity policy;Weight;per-SKU resists/movement/specials
222,Cursed Ring,Ring,accessory,accessory,accessory,specialization-trinket,,n/a,,,,,,,,,,,,,,,accessory,,,,,true,,none,,,none,,none,identity-authoring-required,accessory identity policy;Weight;per-SKU resists/movement/specials
223,Angel Ring,Ring,accessory,accessory,accessory,specialization-trinket,,n/a,,,,,,,,,,,,,,,accessory,,,,,true,,none,,,none,,none,identity-authoring-required,accessory identity policy;Weight;per-SKU resists/movement/specials
224,Diamond Bracelet,Armlet,accessory,accessory,accessory,specialization-trinket,,n/a,,,,,,,,,,,,,,,accessory,,,,,true,,none,,,none,,none,identity-authoring-required,accessory identity policy;Weight;per-SKU resists/movement/specials
225,Jade Armlet,Armlet,accessory,accessory,accessory,specialization-trinket,,n/a,,,,,,,,,,,,,,,accessory,,,,,true,,none,,,none,,none,identity-authoring-required,accessory identity policy;Weight;per-SKU resists/movement/specials
226,Japa Mala,Armlet,accessory,accessory,accessory,specialization-trinket,,n/a,,,,,,,,,,,,,,,accessory,,,,,true,,none,,,none,,none,identity-authoring-required,accessory identity policy;Weight;per-SKU resists/movement/specials
227,Nu Khai Armband,Armlet,accessory,accessory,accessory,specialization-trinket,,n/a,,,,,,,,,,,,,,,accessory,,,,,true,,none,,,none,,none,identity-authoring-required,accessory identity policy;Weight;per-SKU resists/movement/specials
228,Guardian Bracelet,Armlet,accessory,accessory,accessory,specialization-trinket,,n/a,,,,,,,,,,,,,,,accessory,,,,,true,,none,,,none,,none,identity-authoring-required,accessory identity policy;Weight;per-SKU resists/movement/specials
229,Shoulder Cape,Cloak,accessory,accessory,accessory,specialization-trinket,,n/a,,,,,,,,,,,,,,,accessory,,,,,true,,none,,,none,,none,identity-authoring-required,accessory identity policy;Weight;per-SKU resists/movement/specials
230,Leather Cloak,Cloak,accessory,accessory,accessory,specialization-trinket,,n/a,,,,,,,,,,,,,,,accessory,,,,,true,,none,,,none,,none,identity-authoring-required,accessory identity policy;Weight;per-SKU resists/movement/specials
231,Mage's Cloak,Cloak,accessory,accessory,accessory,specialization-trinket,,n/a,,,,,,,,,,,,,,,accessory,,,,,true,,none,,,none,,none,identity-authoring-required,accessory identity policy;Weight;per-SKU resists/movement/specials
232,Elven Cloak,Cloak,accessory,accessory,accessory,specialization-trinket,,n/a,,,,,,,,,,,,,,,accessory,,,,,true,,none,,,none,,none,identity-authoring-required,accessory identity policy;Weight;per-SKU resists/movement/specials
233,Vampire Cape,Cloak,accessory,accessory,accessory,specialization-trinket,,n/a,,,,,,,,,,,,,,,accessory,,,,,true,,none,,,none,,none,identity-authoring-required,accessory identity policy;Weight;per-SKU resists/movement/specials
234,Featherweave Cloak,Cloak,accessory,accessory,accessory,specialization-trinket,,n/a,,,,,,,,,,,,,,,accessory,,,,,true,,none,,,none,,none,identity-authoring-required,accessory identity policy;Weight;per-SKU resists/movement/specials
235,Invisibility Cloak,Cloak,accessory,accessory,accessory,specialization-trinket,,n/a,,,,,,,,,,,,,,,accessory,,,,,true,,none,,,none,,none,identity-authoring-required,accessory identity policy;Weight;per-SKU resists/movement/specials
236,Chantage,Perfume,accessory,accessory,accessory,specialization-trinket,,n/a,,,,,,,,,,,,,,,accessory,,,,,true,,none,,,none,,none,identity-authoring-required,accessory identity policy;Weight;per-SKU resists/movement/specials
237,Envoûtement,Perfume,accessory,accessory,accessory,specialization-trinket,,n/a,,,,,,,,,,,,,,,accessory,,,,,true,,none,,,none,,none,identity-authoring-required,accessory identity policy;Weight;per-SKU resists/movement/specials
238,Septième Sens,Perfume,accessory,accessory,accessory,specialization-trinket,,n/a,,,,,,,,,,,,,,,accessory,,,,,true,,none,,,none,,none,identity-authoring-required,accessory identity policy;Weight;per-SKU resists/movement/specials
239,Sortilège,Perfume,accessory,accessory,accessory,specialization-trinket,,n/a,,,,,,,,,,,,,,,accessory,,,,,true,,none,,,none,,none,identity-authoring-required,accessory identity policy;Weight;per-SKU resists/movement/specials
240,Potion,Item,,consumable-external,inventory,item_command_payload,,n/a,,,,,,,,,,,,,,,,,,,,false,,none,,,none,,none,formula-map-required,item command DCL formula;inventory consumption;targeting and delivery
241,High Potion,Item,,consumable-external,inventory,item_command_payload,,n/a,,,,,,,,,,,,,,,,,,,,false,,none,,,none,,none,formula-map-required,item command DCL formula;inventory consumption;targeting and delivery
242,X-Potion,Item,,consumable-external,inventory,item_command_payload,,n/a,,,,,,,,,,,,,,,,,,,,false,,none,,,none,,none,formula-map-required,item command DCL formula;inventory consumption;targeting and delivery
243,Ether,Item,,consumable-external,inventory,item_command_payload,,n/a,,,,,,,,,,,,,,,,,,,,false,,none,,,none,,none,formula-map-required,item command DCL formula;inventory consumption;targeting and delivery
244,High Ether,Item,,consumable-external,inventory,item_command_payload,,n/a,,,,,,,,,,,,,,,,,,,,false,,none,,,none,,none,formula-map-required,item command DCL formula;inventory consumption;targeting and delivery
245,Elixir,Item,,consumable-external,inventory,item_command_payload,,n/a,,,,,,,,,,,,,,,,,,,,false,,none,,,none,,none,formula-map-required,item command DCL formula;inventory consumption;targeting and delivery
246,Antidote,Item,,consumable-external,inventory,item_command_payload,,n/a,,,,,,,,,,,,,,,,,,,,false,,none,,,none,,none,formula-map-required,item command DCL formula;inventory consumption;targeting and delivery
247,Eye Drops,Item,,consumable-external,inventory,item_command_payload,,n/a,,,,,,,,,,,,,,,,,,,,false,,none,,,none,,none,formula-map-required,item command DCL formula;inventory consumption;targeting and delivery
248,Echo Herbs,Item,,consumable-external,inventory,item_command_payload,,n/a,,,,,,,,,,,,,,,,,,,,false,,none,,,none,,none,formula-map-required,item command DCL formula;inventory consumption;targeting and delivery
249,Maiden's Kiss,Item,,consumable-external,inventory,item_command_payload,,n/a,,,,,,,,,,,,,,,,,,,,false,,none,,,none,,none,formula-map-required,item command DCL formula;inventory consumption;targeting and delivery
250,Gold Needle,Item,,consumable-external,inventory,item_command_payload,,n/a,,,,,,,,,,,,,,,,,,,,false,,none,,,none,,none,formula-map-required,item command DCL formula;inventory consumption;targeting and delivery
251,Holy Water,Item,,consumable-external,inventory,item_command_payload,,n/a,,,,,,,,,,,,,,,,,,,,false,,none,,,none,,none,formula-map-required,item command DCL formula;inventory consumption;targeting and delivery
252,Remedy,Item,,consumable-external,inventory,item_command_payload,,n/a,,,,,,,,,,,,,,,,,,,,false,,none,,,none,,none,formula-map-required,item command DCL formula;inventory consumption;targeting and delivery
253,Phoenix Down,Item,,consumable-external,inventory,item_command_payload,,n/a,,,,,,,,,,,,,,,,,,,,false,,none,,,none,,none,formula-map-required,item command DCL formula;inventory consumption;targeting and delivery
254,,None,,reserved,none,reserved-record,,n/a,,,,,,,,,,,,,,,,,,,,false,,none,,,none,,none,reserved,none
255,,None,,reserved,none,reserved-record,,n/a,,,,,,,,,,,,,,,,,,,,false,,none,,,none,,none,reserved,none
256,Materia Blade Plus,Sword,weapon,equipped-weapon,hands,defensive_1h_blade,cut,designed,medium,10,,1,1,1,1H,high,10,,PA,none,none,,,,,,,true,,none,None,,none,,none,structure-ready-numeric-authoring-required,Weight;wmod;parry calibration
257,Akademy Blade,Sword,weapon,equipped-weapon,hands,defensive_1h_blade,cut,designed,medium,5,,1,1,1,1H,high,10,,PA,none,none,,,,,,,true,,none,None,,none,,none,structure-ready-numeric-authoring-required,Weight;wmod;parry calibration
258,Akademy Beret,Hat,armor,headgear,head,caster-head,,n/a,,,,,,,,,,,,,,,caster-head,,,,,true,,none,,,none,,none,identity-authoring-required,head-slot HP/MP/DR identity decision;Weight;per-SKU stats
259,Akademy Tunic,Clothing,armor,body-armor,body,light_body_chassis,,n/a,,,,,,,,,,,,,,,light,2/2/2,,,,true,,none,,,none,,none,structure-ready-numeric-authoring-required,Weight;per-SKU DR;modest HP policy;native HP retune
260,Ring of Aptitude,Ring,accessory,accessory,accessory,specialization-trinket,,n/a,,,,,,,,,,,,,,,accessory,,,,,true,,none,,,none,,none,identity-authoring-required,accessory identity policy;Weight;per-SKU resists/movement/specials
