Id,Name,JP,JpCost1,JpCost2,IsRandomDamage,IsRandomStatus,ov_Range,ov_EffectArea,ov_Vertical,ov_Element,ov_Formula,ov_X,ov_Y,ov_InflictStatus,ov_CT,ov_MPCost
0,,0,0,0,0,0,,,,,,,,,,
1,Cure,50,50,0,0,0,,,,,,,,,,
2,Cura,180,180,0,0,0,,,,,,,,,,
3,Curaga,450,194,1,0,0,,,,,,,,,,
4,Curaja,800,32,3,0,0,,,,,,,,,,
5,Raise,200,200,0,0,0,,,,,,,,,,
6,Arise,600,88,2,0,0,,,,,,,,,,
7,Reraise,1000,232,3,0,0,,,,,,,,,,
8,Regen,350,94,1,0,0,,,,,,,,,,
9,Protect,70,70,0,0,0,,,,,,,,,3,
10,Protectja,600,88,2,0,0,,,,,,,,,5,20
11,Shell,70,70,0,0,0,,,,,,,,,3,
12,Shellja,600,88,2,0,0,,,,,,,,,5,
13,Wall,400,144,1,0,0,,,,,,,,,,
14,Esuna,300,44,1,0,0,,,,,,,,,,
15,Holy,600,88,2,0,0,,,,,,,,,,
16,Fire,50,50,0,0,0,,,,,,,,,,
17,Fira,200,200,0,0,0,,,,,,,,,,
18,Firaga,500,244,1,0,0,,,,,,,,,,
19,Firaja,900,132,3,0,0,,,,,,,,,,
20,Thunder,50,50,0,0,0,,,,,,,,,,
21,Thundara,200,200,0,0,0,,,,,,,,,,
22,Thundaga,500,244,1,0,0,,,,,,,,,,
23,Thundaja,900,132,3,0,0,,,,,,,,,,
24,Blizzard,50,50,0,0,0,,,,,,,,,,
25,Blizzara,200,200,0,0,0,,,,,,,,,,
26,Blizzaga,500,244,1,0,0,,,,,,,,,,
27,Blizzaja,900,132,3,0,0,,,,,,,,,,
28,Poison,150,150,0,0,0,,,,,,,,,,
29,Toad,500,244,1,0,0,,,,,,,,,,
30,Death,600,88,2,0,0,,,,,,,,,,
31,Flare,1000,232,3,0,0,,,,,,,,,,
32,Haste,100,100,0,0,0,,,,,,,,,,
33,Hasteja,600,88,2,0,0,,,,,,,,,5,25
34,Slow,80,80,0,0,0,,,,,,,,,,
35,Slowja,600,88,2,0,0,,,,,,,,,5,25
36,Stop,350,94,1,0,0,,,,,,,,,,
37,Immobilize,100,100,0,0,0,,,,,,,,,,
38,Float,200,200,0,0,0,,,,,,,,,,
39,Reflect,300,44,1,0,0,,,,,,,,,,
40,,0,0,0,0,0,,,,,,,,,,
41,Quick,900,132,3,0,0,,,,,,,,,,
42,Gravity,250,250,0,0,0,,,,,,,,,,
43,Graviga,550,38,2,0,0,,,,,,,,,,
44,Meteor,900,132,3,0,0,,,,,,,,,10,
45,Chant,0,0,0,0,0,,,,,,,,,,
46,Umbra,100,100,0,0,0,,,,,,,,,,
47,Empowerment,200,200,0,0,0,,,,,,,,,,
48,Invigoration,350,94,1,0,0,,,,,,,,,,
49,Belief,400,144,1,0,0,,,,,,,,,,
50,Disbelief,400,144,1,0,0,,,,,,,,,,
51,Corruption,300,44,1,0,0,,,,,,,,,,
52,Quiescence,170,170,0,0,0,,,,,,,,,,
53,Fervor,400,144,1,0,0,,,,,,,,,,
54,Trepidation,200,200,0,0,0,,,,,,,,,,
55,Delirium,400,144,1,0,0,,,,,,,,,,
56,Harmony,800,32,3,0,0,,,,,,,,,,
57,Hesitation,100,100,0,0,0,,,,,,,,,,
58,Repose,350,94,1,0,0,,,,,,,,,,
59,Induration,600,88,2,0,0,,,,,,,,,,
60,Moogle,110,110,0,0,0,,,,,,,,,,
61,Shiva,200,200,0,0,0,,,,,,,,,4,
62,Ramuh,200,200,0,0,0,,,,,,,,,4,
63,Ifrit,200,200,0,0,0,,,,,,,,,4,
64,Titan,220,220,0,0,0,,,,,,,,,5,
65,Golem,500,244,1,0,0,,,,,,,,,3,
66,Carbuncle,350,94,1,0,0,,,,,,,,,4,
67,Bahamut,1000,232,3,0,0,,,,,,,,,7,
68,Odin,900,132,3,0,0,,,,,,,,,6,
69,Leviathan,860,92,3,0,0,,,,,,,,,6,
70,Salamander,860,92,3,0,0,,,,,,,,,6,
71,Sylph,400,144,1,0,0,,,,,,,,,4,
72,Faerie,400,144,1,0,0,,,,,,,,,4,
73,Lich,600,88,2,0,0,,,,,,,,,,50
74,Cyclops,1000,232,3,0,0,,,,,,,,,6,
75,Zodiark,9999,15,39,0,0,,,,,,,,,10,
76,Ashura,100,100,0,0,0,,,,,,,,,,
77,Kotetsu,200,200,0,0,0,,,,,,,,,,
78,Bizen Osafune,300,44,1,0,0,,,,,,,,,,
79,Murasame,400,144,1,0,0,,,,,,,,,,
80,Ame-no-Murakumo,500,244,1,0,0,,,,,,,,,,
81,Kiyomori,600,88,2,0,0,,,,,,,,,,
82,Muramasa,700,188,2,0,0,,,,,,,,,,
83,Kiku-ichimonji,800,32,3,0,0,,,,,,,,,,
84,Masamune,900,132,3,0,0,,,,,,,,,,
85,Chirijiraden,1000,232,3,0,0,,,,,,,,,,
86,Seraph Song,100,100,0,0,0,,,,,,,,,,
87,Life's Anthem,100,100,0,0,0,,,,,,,,,,
88,Rousing Melody,100,100,0,0,0,,,,,,,,,,
89,Battle Chant,100,100,0,0,0,,,,,,,,,,
90,Magickal Refrain,100,100,0,0,0,,,,,,,,,,
91,Nameless Song,100,100,0,0,0,,,,,,,,,,
92,Finale,100,100,0,0,0,,,,,,,,,,
93,Witch Hunt,100,100,0,0,0,,,,,,,,,,
94,Mincing Minuet,100,100,0,0,0,,,,,,,,,,
95,Slow Dance,100,100,0,0,0,,,,,,,,,,
96,Polka,100,100,0,0,0,,,,,,,,,,
97,Heathen Frolic,100,100,0,0,0,,,,,,,,,,
98,Forbidden Dance,100,100,0,0,0,,,,,,,,,,
99,Last Waltz,100,100,0,0,0,,,,,,,,,,
100,Cyclone,150,150,0,0,0,,,,,,,,,,
101,Pummel,300,44,1,1,0,,,,,,,,,,
102,Aurablast,300,44,1,0,0,,,,,,,,,,
103,Shockwave,600,88,2,0,0,,,,,,,,,,
104,Doom Fist,300,44,1,0,0,,,,,,,,,,
105,Purification,200,200,0,0,0,,,,,,,,,,
106,Chakra,350,94,1,0,0,,,,,,,,,,
107,Revive,500,244,1,0,0,,,,,,,,,,
108,Steal Gil,10,10,0,0,0,,,,,,,,,,
109,Steal Heart,150,150,0,0,0,,,,,,,,,,
110,Steal Helm,350,94,1,0,0,,,,,,,,,,
111,Steal Armor,450,194,1,0,0,,,,,,,,,,
112,Steal Shield,350,94,1,0,0,,,,,,,,,,
113,Steal Weapon,600,88,2,0,0,,,,,,,,,,
114,Steal Accessory,500,244,1,0,0,,,,,,,,,,
115,Steal EXP,250,250,0,0,0,,,,,,,,,,
116,Entice,100,100,0,0,0,,,,,,,,,,
117,Stall,100,100,0,0,0,,,,,,,,,,
118,Praise,200,200,0,0,0,,,,,,,,,,
119,Intimidate,200,200,0,0,0,,,,,,,,,,
120,Preach,200,200,0,0,0,,,,,,,,,,
121,Enlighten,200,200,0,0,0,,,,,,,,,,
122,Condemn,500,244,1,0,0,,,,,,,,,,
123,Defraud,100,100,0,0,0,,,,,,,,,,
124,Insult,300,44,1,0,0,,,,,,,,,,
125,Mimic Darlavon,300,44,1,0,0,,,,,,,,,,
126,Sinkhole,150,150,0,0,0,,,,,,,,,,
127,Torrent,150,150,0,0,0,,,,,,,,,,
128,Tanglevine,150,150,0,0,0,,,,,,,,,,
129,Contortion,150,150,0,0,0,,,,,,,,,,
130,Tremor,150,150,0,0,0,,,,,,,,,,
131,Wind Slash,150,150,0,0,0,,,,,,,,,,
132,Will-o'-the-Wisp,150,150,0,0,0,,,,,,,,,,
133,Quicksand,150,150,0,0,0,,,,,,,,,,
134,Sandstorm,150,150,0,0,0,,,,,,,,,,
135,Snowstorm,150,150,0,0,0,,,,,,,,,,
136,Wind Blast,150,150,0,0,0,,,,,,,,,,
137,Magma Surge,150,150,0,0,0,,,,,,,,,,
138,Rend Helm,300,44,1,0,0,,,,,,,,,,
139,Rend Armor,400,144,1,0,0,,,,,,,,,,
140,Rend Shield,300,44,1,0,0,,,,,,,,,,
141,Rend Weapon,400,144,1,0,0,,,,,,,,,,
142,Rend MP,250,250,0,0,0,,,,,,,,,,
143,Rend Speed,250,250,0,0,0,,,,,,,,,,
144,Rend Power,250,250,0,0,0,,,,,,,,,,
145,Rend Magick,250,250,0,0,0,,,,,,,,,,
146,Focus,300,44,1,0,0,,,,,,,,,,
147,Rush,80,80,0,1,0,,,,,,,,,,
148,Throw Stone,90,90,0,1,0,,,,,,,,,,
149,Salve,150,150,0,0,0,,,,,,,,,,
150,Tailwind,200,200,0,0,0,,,,,,,,,,
151,Steel,200,200,0,0,0,,,,,,,,,,
152,Chant,0,0,0,0,0,,,,,,,,,,
153,Shout,500,244,1,0,0,,,,,,,,,,
154,Ultima,9999,15,39,0,0,,,,,,,,,,
155,Judgment Blade,100,100,0,0,0,,,,,,,,,,
156,Cleansing Strike,400,144,1,0,0,,,,,,,,,,
157,Northswain's Strike,500,244,1,0,0,,,,,,,,,,
158,Hallowed Bolt,700,188,2,0,0,,,,,,,,,,
159,Divine Ruination,800,32,3,0,0,,,,,,,,,,
160,Crush Armor,200,200,0,0,0,,,,,,,,,,
161,Crush Helm,400,144,1,0,0,,,,,,,,,,
162,Crush Weapon,500,244,1,0,0,,,,,,,,,,
163,Crush Accessory,800,32,3,0,0,,,,,,,,,,
164,Duskblade,500,244,1,0,0,,,,,,,,,,
165,Shadowblade,100,100,0,0,0,,,,,,,,,,
166,Unholy Darkness,0,0,0,0,0,,,,,,,,,,
167,Dispelna,0,0,0,0,0,,,,,,,,,,
168,Celestial Stasis,0,0,0,0,0,,,,,,,,,,
169,Heaven's Wrath,0,0,0,0,0,,,,,,,,,,
170,Ashura,200,200,0,0,0,,,,,,,,,,
171,Adamantine Blade,300,44,1,0,0,,,,,,,,,,
172,Maelstrom,400,144,1,0,0,,,,,,,,,,
173,Celestial Void,500,244,1,0,0,,,,,,,,,,
174,Divinity,600,88,2,0,0,,,,,,,,,,
175,Hell's Wrath,0,0,0,0,0,,,,,,,,,,
176,Nether Ashura,200,200,0,0,0,,,,,,,,,,
177,Nether Blade,300,44,1,0,0,,,,,,,,,,
178,Nether Maelstrom,400,144,1,0,0,,,,,,,,,,
179,Corporeal Void,500,244,1,0,0,,,,,,,,,,
180,Impiety,600,88,2,0,0,,,,,,,,,,
181,Petrify,0,0,0,0,0,,,,,,,,,,
182,Shadowbind,0,0,0,0,0,,,,,,,,,,
183,Suffocate,0,0,0,0,0,,,,,,,,,,
184,,500,244,1,0,0,,,,,,,,,,
185,Revengeance,0,0,0,0,0,,,,,,,,,,
186,Manaburn,0,0,0,0,0,,,,,,,,,,
187,Petrify,0,0,0,0,0,,,,,,,,,,
188,Fowlheart,0,0,0,0,0,,,,,,,,,,
189,Embrace,0,0,0,0,0,,,,,,,,,,
190,Darkness,0,0,0,0,0,,,,,,,,,,
191,Aphony,0,0,0,0,0,,,,,,,,,,
192,Befuddle,0,0,0,0,0,,,,,,,,,,
193,Bind,0,0,0,0,0,,,,,,,,,,
194,Nightmare,0,0,0,0,0,,,,,,,,,,
195,Ague,0,0,0,0,0,,,,,,,,,,
196,Magicksap,0,0,0,0,0,,,,,,,,,,
197,Speedsap,0,0,0,0,0,,,,,,,,,,
198,Powersap,0,0,0,0,0,,,,,,,,,,
199,Mindsap,0,0,0,0,0,,,,,,,,,,
200,Blood Drain,0,0,0,0,0,,,,,,,,,,
201,Charm,0,0,0,0,0,,,,,,,,,,
202,Bio,0,0,0,0,0,,,,,,,,,,
203,Bio,0,0,0,0,0,,,,,,,,,,
204,Bio,0,0,0,0,0,,,,,,,,,,
205,Biora,0,0,0,0,0,,,,,,,,,,
206,Biora,0,0,0,0,0,,,,,,,,,,
207,Biora,0,0,0,0,0,,,,,,,,,,
208,Biora,0,0,0,0,0,,,,,,,,,,
209,Bioga,0,0,0,0,0,,,,,,,,,,
210,Bioga,0,0,0,0,0,,,,,,,,,,
211,Bioga,0,0,0,0,0,,,,,,,,,,
212,Aegis,0,0,0,0,0,,,,,,,,,,
213,Leg Shot,200,200,0,0,0,,,,,,,,,,
214,Arm Shot,300,44,1,0,0,,,,,,,,,,
215,Seal Evil,200,200,0,0,0,,,,,,,,,,
216,Meltdown,9999,15,39,0,0,,,,,,,,,,
217,Tornado,9999,15,39,0,0,,,,,,,,,,
218,Quake,9999,15,39,0,0,,,,,,,,,,
219,,300,44,1,0,0,,,,,,,,,,
220,,1000,232,3,0,0,,,,,,,,,,
221,Toadja,0,0,0,0,0,,,,,,,,,,
222,Gravija,0,0,0,0,0,,,,,,,,,,
223,Flareja,0,0,0,0,0,,,,,,,,,,
224,Blindja,0,0,0,0,0,,,,,,,,,,
225,Bomblet,0,0,0,0,0,,,,,,,,,,
226,Bomblet,0,0,0,0,0,,,,,,,,,,
227,Confuseja,0,0,0,0,0,,,,,,,,,,
228,Sleepja,0,0,0,0,0,,,,,,,,,,
229,Ultima,0,0,0,0,0,,,,,,,,,,
230,Divine Ultima,0,0,0,0,0,,,,,,,,,,
231,Disempower,0,0,0,0,0,,,,,,,,,,
232,Dispelja,0,0,0,0,0,,,,,,,,,,
233,Return,0,0,0,0,0,,,,,,,,,,
234,Blind,50,50,0,0,0,,,,,,,,,,
235,Syphon,100,100,0,0,0,,,,,,,,,,
236,Drain,180,180,0,0,0,,,,,,,,,,
237,Faith,200,200,0,0,0,,,,,,,,,,
238,Doubt,200,200,0,0,0,,,,,,,,,,
239,Zombie,150,150,0,0,0,,,,,,,,,,
240,Silence,90,90,0,0,0,,,,,,,,,,
241,Berserk,200,200,0,0,0,,,,,,,,,,
242,Chicken,500,244,1,0,0,,,,,,,,,,
243,Confuse,200,200,0,0,0,,,,,,,,,,
244,Dispel,300,44,1,0,0,,,,,,,,,,
245,Disable,50,50,0,0,0,,,,,,,,,,
246,Sleep,170,170,0,0,0,,,,,,,,,,
247,Break,300,44,1,0,0,,,,,,,,,,
248,Ice Breath,0,0,0,0,0,,,,,,,,,,
249,Fire Breath,0,0,0,0,0,,,,,,,,,,
250,Thunder Breath,0,0,0,0,0,,,,,,,,,,
251,Dragon's Charm,300,44,1,0,0,,,,,,,,,,
252,Dragon's Gift,300,44,1,0,0,,,,,,,,,,
253,Dragon's Might,400,144,1,0,0,,,,,,,,,,
254,Dragon's Speed,400,144,1,0,0,,,,,,,,,,
255,Holy Breath,900,132,3,0,0,,,,,,,,,,
256,Vengeance,600,88,2,0,0,,,,,,,,,,
257,Braver,150,150,0,0,0,,,,,,,,,2,
258,Cross Slash,200,200,0,0,0,,,,,,,,,3,
259,Blade Burst,250,250,0,0,0,,,,,,,,,4,
260,Ascension,800,32,3,0,0,,,,,,,,,,
261,Meteorain,600,88,2,0,0,,,,,,,,,6,
262,Finishing Touch,700,188,2,0,1,,,,,,,,,4,
263,Omnislash,1200,176,4,0,0,,,,,,,,,7,
264,Cherry Blossom,1500,220,5,0,0,,,,,,,,,10,
265,Choco Beak,0,0,0,0,0,,,,,,,,,,
266,Choco Pellets,0,0,0,0,0,,,,,,,,,,
267,Choco Meteor,0,0,0,0,0,,,,,,,,,,
268,Choco Esuna,0,0,0,0,0,,,,,,,,,,
269,Choco Cure,0,0,0,0,0,,,,,,,,,,
270,Tackle,0,0,0,0,0,,,,,,,,,,
271,Goblin Punch,0,0,0,0,0,,,,,,,,,,
272,Spin Punch,0,0,0,0,0,,,,,,,,,,
273,Eye Gouge,0,0,0,0,0,,,,,,,,,,
274,Bloodfeast,0,0,0,0,0,,,,,,,,,,
275,Bite,0,0,0,0,0,,,,,,,,,,
276,Bomblet,0,0,0,0,0,,,,,,,,,,
277,Self-Destruct,0,0,0,0,0,,,,,,,,,,
278,Flame Attack,0,0,0,0,0,,,,,,,,,,
279,Spark,0,0,0,0,0,,,,,,,,,,
280,Claw,0,0,0,0,0,,,,,,,,,,
281,Cat Scratch,0,0,0,1,0,,,,,,,,,,
282,Blaster,0,0,0,0,1,,,,,,,,,,
283,Venom Fang,0,0,0,0,0,,,,,,,,,,
284,Blood Drain,0,0,0,0,0,,,,,,,,,,
285,Tentacles,0,0,0,0,0,,,,,,,,,,
286,Ink,0,0,0,0,0,,,,,,,,,,
287,Dischord,0,0,0,0,0,,,,,,,,,,
288,Mind Blast,0,0,0,0,1,,,,,,,,,,
289,Level Drain,0,0,0,0,0,,,,,,,,,,
290,Chop,0,0,0,0,0,,,,,,,,,,
291,Thunder Anima,0,0,0,0,0,,,,,,,,,,
292,Water Anima,0,0,0,0,0,,,,,,,,,,
293,Ice Anima,0,0,0,0,0,,,,,,,,,,
294,Wind Anima,0,0,0,0,0,,,,,,,,,,
295,Ectoplasm,0,0,0,0,0,,,,,,,,,,
296,Zombie Touch,0,0,0,0,0,,,,,,,,,,
297,Sleep Touch,0,0,0,0,0,,,,,,,,,,
298,Drain Touch,0,0,0,0,0,,,,,,,,,,
299,Oily Touch,0,0,0,0,0,,,,,,,,,,
300,Wing Buffet,0,0,0,0,0,,,,,,,,,,
301,Bewitching Gaze,0,0,0,0,1,,,,,,,,,,
302,Dread Gaze,0,0,0,0,0,,,,,,,,,,
303,Beam,0,0,0,0,0,,,,,,,,,,
304,Doom,0,0,0,0,0,,,,,,,,,,
305,Talon Dive,0,0,0,0,0,,,,,,,,,,
306,Beak,0,0,0,0,0,,,,,,,,,,
307,Glitterlust,0,0,0,0,0,,,,,,,,,,
308,Featherbomb,0,0,0,0,0,,,,,,,,,,
309,Peck,0,0,0,0,0,,,,,,,,,,
310,Reckless Charge,0,0,0,0,0,,,,,,,,,,
311,Snort,0,0,0,0,0,,,,,,,,,,
312,Squeal,0,0,0,0,0,,,,,,,,,,
313,Toot,0,0,0,0,1,,,,,,,,,,
314,Bequeath Bacon,0,0,0,0,0,,,,,,,,,,
315,Leaf Rain,0,0,0,0,0,,,,,,,,,,
316,Guardian Nymph,0,0,0,0,0,,,,,,,,,,
317,Shell Nymph,0,0,0,0,0,,,,,,,,,,
318,Life Nymph,0,0,0,0,0,,,,,,,,,,
319,Magick Nymph,0,0,0,0,0,,,,,,,,,,
320,Pickaxe,0,0,0,0,0,,,,,,,,,,
321,Feral Spin,0,0,0,0,0,,,,,,,,,,
322,Earthsplitter,0,0,0,0,0,,,,,,,,,,
323,Beef Up,0,0,0,0,0,,,,,,,,,,
324,Breathe Fire,0,0,0,0,0,,,,,,,,,,
325,Tentacles,0,0,0,0,0,,,,,,,,,,
326,Lick,0,0,0,0,0,,,,,,,,,,
327,Goo,0,0,0,0,0,,,,,,,,,,
328,Bad Breath,0,0,0,0,0,,,,,,,,,,
329,Malboro Spores,0,0,0,0,0,,,,,,,,,,
330,Gore,0,0,0,0,0,,,,,,,,,,
331,Heave,0,0,0,0,0,,,,,,,,,,
332,Twister,0,0,0,0,0,,,,,,,,,,
333,Almagest,0,0,0,0,0,,,,,,,,,,
334,Gigaflare,0,0,0,0,0,,,,,,,,,,
335,Charge,0,0,0,0,0,,,,,,,,,,
336,Tail Sweep,0,0,0,1,0,,,,,,,,,,
337,Ice Breath,0,0,0,0,0,,,,,,,,,,
338,Fire Breath,0,0,0,0,0,,,,,,,,,,
339,Thunder Breath,0,0,0,0,0,,,,,,,,,,
340,Tri-Attack,0,0,0,0,0,,,,,,,,,,
341,Tri-Breath,0,0,0,0,0,,,,,,,,,,
342,Tri-Thunder,0,0,0,0,0,,,,,,,,,,
343,Tri-Flame,0,0,0,0,0,,,,,,,,,,
344,Dark Whisper,0,0,0,0,0,,,,,,,,,,
345,Snakecharm,0,0,0,0,0,,,,,,,,,,
346,Poisonous Frog,0,0,0,0,0,,,,,,,,,,
347,Midgardsormr,0,0,0,0,0,,,,,,,,,,
348,Karma,0,0,0,0,0,,,,,,,,,,
349,Nanoflare,0,0,0,0,0,,,,,,,,,,
350,Grand Cross,0,0,0,0,0,,,,,,,,,,
351,Destroy,0,0,0,0,0,,,,,,,,,,
352,Compress,0,0,0,0,0,,,,,,,,,,
353,Dispose,0,0,0,0,0,,,,,,,,,,
354,Pulverize,0,0,0,0,0,,,,,,,,,,
355,Energize,0,0,0,0,0,,,,,,,,,,
356,Parasite,0,0,0,0,0,,,,,,,,,,
357,,1200,176,4,0,0,,,,,,,,,,
358,,1200,176,4,0,0,,,,,,,,,,
359,,0,0,0,0,0,,,,,,,,,,
360,,250,250,0,0,0,,,,,,,,,,
361,,450,194,1,0,0,,,,,,,,,,
362,,550,38,2,0,0,,,,,,,,,,
363,,450,194,1,0,0,,,,,,,,,,
364,,750,238,2,0,0,,,,,,,,,,
365,,600,88,2,0,0,,,,,,,,,,
366,,350,94,1,0,0,,,,,,,,,,
367,Attack,0,0,0,0,0,,,,,,,,,,
368,Potion,30,30,0,0,0,,,,,,,,,,
369,High Potion,200,200,0,0,0,,,,,,,,,,
370,X-Potion,300,44,1,0,0,,,,,,,,,,
371,Ether,300,44,1,0,0,,,,,,,,,,
372,High Ether,400,144,1,0,0,,,,,,,,,,
373,Elixir,900,132,3,0,0,,,,,,,,,,
374,Antidote,70,70,0,0,0,,,,,,,,,,
375,Eye Drops,80,80,0,0,0,,,,,,,,,,
376,Echo Herbs,120,120,0,0,0,,,,,,,,,,
377,Maiden's Kiss,200,200,0,0,0,,,,,,,,,,
378,Gold Needle,250,250,0,0,0,,,,,,,,,,
379,Holy Water,400,144,1,0,0,,,,,,,,,,
380,Remedy,700,188,2,0,0,,,,,,,,,,
381,Phoenix Down,90,90,0,1,0,,,,,,,,,,
382,Throw Shuriken,50,50,0,0,0,,,,,,,,,,
383,Throw Daggers,100,100,0,0,0,,,,,,,,,,
384,Throw Swords,100,100,0,0,0,,,,,,,,,,
385,Throw Flails,100,100,0,0,0,,,,,,,,,,
386,Throw Katana,100,100,0,0,0,,,,,,,,,,
387,Throw Ninja Blades,100,100,0,0,0,,,,,,,,,,
388,Throw Axes,120,120,0,0,0,,,,,,,,,,
389,Throw Polearms,100,100,0,0,0,,,,,,,,,,
390,Throw Poles,100,100,0,0,0,,,,,,,,,,
391,Throw Knight's Swords,100,100,0,0,0,,,,,,,,,,
392,Throw Books,100,100,0,0,0,,,,,,,,,,
393,Throw Bombs,70,70,0,0,0,,,,,,,,,,
394,Horizontal Jump +1,150,150,0,0,0,,,,,,,,,,
395,Horizontal Jump +2,350,94,1,0,0,,,,,,,,,,
396,Horizontal Jump +3,550,38,2,0,0,,,,,,,,,,
397,Horizontal Jump +4,800,32,3,0,0,,,,,,,,,,
398,Horizontal Jump +7,1100,76,4,0,0,,,,,,,,,,
399,Vertical Jump ±2,100,100,0,0,0,,,,,,,,,,
400,Vertical Jump ±3,250,250,0,0,0,,,,,,,,,,
401,Vertical Jump ±4,400,144,1,0,0,,,,,,,,,,
402,Vertical Jump ±5,550,38,2,0,0,,,,,,,,,,
403,Vertical Jump ±6,700,188,2,0,0,,,,,,,,,,
404,Vertical Jump ±7,1000,232,3,0,0,,,,,,,,,,
405,Vertical Jump ±8,1500,220,5,0,0,,,,,,,,,,
406,Aim +1,100,100,0,0,0,,,,,,,,,,
407,Aim +2,150,150,0,0,0,,,,,,,,,,
408,Aim +3,200,200,0,0,0,,,,,,,,,,
409,Aim +4,250,250,0,0,0,,,,,,,,,,
410,Aim +5,300,44,1,0,0,,,,,,,,,,
411,Aim +7,400,144,1,0,0,,,,,,,,,,
412,Aim +10,700,188,2,0,0,,,,,,,,,,
413,Aim +20,900,132,3,0,0,,,,,,,,,,
414,Target CT,250,250,0,0,0,,,,,,,,,,
415,Target Level,350,94,1,0,0,,,,,,,,,,
416,Target EXP,200,200,0,0,0,,,,,,,,,,
417,Target Elevation,250,250,0,0,0,,,,,,,,,,
418,Prime,300,44,1,0,0,,,,,,,,,,
419,Multiple of 5,200,200,0,0,0,,,,,,,,,,
420,Multiple of 4,400,144,1,0,0,,,,,,,,,,
421,Multiple of 3,600,88,2,0,0,,,,,,,,,,
422,Strength Surge,600,88,2,0,0,,,,,,,,,,
423,Magick Surge,500,244,1,0,0,,,,,,,,,,
424,Speed Surge,900,132,3,0,0,,,,,,,,,,
425,Vanish,1000,232,3,0,0,,,,,,,,,,
426,Vigilance,200,200,0,0,0,,,,,,,,,,
427,Dragonheart,600,88,2,0,0,,,,,,,,,,
428,Regenerate,400,144,1,0,0,,,,,,,,,,
429,Bravery Surge,700,188,2,0,0,,,,,,,,,,
430,Faith Surge,700,188,2,0,0,,,,,,,,,,
431,Critical: Recover HP,500,244,1,0,0,,,,,,,,,,
432,Critical: Recover MP,400,144,1,0,0,,,,,,,,,,
433,Critical: Quick,800,32,3,0,0,,,,,,,,,,
434,Bonecrusher,200,200,0,0,0,,,,,,,,,,
435,Magick Counter,800,32,3,0,0,,,,,,,,,,
436,Counter Tackle,180,180,0,0,0,,,,,,,,,,
437,Nature's Wrath,300,44,1,0,0,,,,,,,,,,
438,Absorb MP,250,250,0,0,0,,,,,,,,,,
439,Gil Snapper,200,200,0,0,0,,,,,,,,,,
440,MARKED FOR DELETION - REPORT IF DISPLAYED Reflect,200,200,0,0,0,,,,,,,,,,
441,Auto-Potion,400,144,1,0,0,,,,,,,,,,
442,Counter,300,44,1,0,0,,,,,,,,,,
443,,200,200,0,0,0,,,,,,,,,,
444,Cup of Life,200,200,0,0,0,,,,,,,,,,
445,Mana Shield,400,144,1,0,0,,,,,,,,,,
446,Soulbind,300,44,1,0,0,,,,,,,,,,
447,Parry,200,200,0,0,0,,,,,,,,,,
448,Earplugs,300,44,1,0,0,,,,,,,,,,
449,Reflexes,400,144,1,0,0,,,,,,,,,,
450,Sticky Fingers,200,200,0,0,0,,,,,,,,,,
451,Shirahadori,700,188,2,0,0,,,,,,,,,,
452,Archer's Bane,450,194,1,0,0,,,,,,,,,,
453,First Strike,1300,20,5,0,0,,,,,,,,,,
454,Equip Heavy Armor,500,244,1,0,0,,,,,,,,,,
455,Equip Shields,250,250,0,0,0,,,,,,,,,,
456,Equip Swords,400,144,1,0,0,,,,,,,,,,
457,Equip Katana,400,144,1,0,0,,,,,,,,,,
458,Equip Crossbows,350,94,1,0,0,,,,,,,,,,
459,Equip Polearms,400,144,1,0,0,,,,,,,,,,
460,Equip Axes,170,170,0,0,0,,,,,,,,,,
461,Equip Guns,800,32,3,0,0,,,,,,,,,,
462,Halve MP,1000,232,3,0,0,,,,,,,,,,
463,JP Boost,250,250,0,0,0,,,,,,,,,,
464,EXP Boost,350,94,1,0,0,,,,,,,,,,
465,Attack Boost,400,144,1,0,0,,,,,,,,,,
466,Defense Boost,400,144,1,0,0,,,,,,,,,,
467,Magick Boost,400,144,1,0,0,,,,,,,,,,
468,Magick Defense Boost,400,144,1,0,0,,,,,,,,,,
469,Concentration,400,144,1,0,0,,,,,,,,,,
470,Tame,500,244,1,0,0,,,,,,,,,,
471,Poach,200,200,0,0,0,,,,,,,,,,
472,Brawler,200,200,0,0,0,,,,,,,,,,
473,Beast Tongue,100,100,0,0,0,,,,,,,,,,
474,Throw Items,350,94,1,0,0,,,,,,,,,,
475,Safeguard,250,250,0,0,0,,,,,,,,,,
476,Doublehand,900,132,3,0,0,,,,,,,,,,
477,Dual Wield,1000,232,3,0,0,,,,,,,,,,
478,Beastmaster,200,200,0,0,0,,,,,,,,,,
479,Evasive Stance,50,50,0,0,0,,,,,,,,,,
480,Reequip,50,50,0,0,0,,,,,,,,,,
481,,0,0,0,0,0,,,,,,,,,,
482,Swiftspell,1000,232,3,0,0,,,,,,,,,,
483,A483,3000,184,11,0,0,,,,,,,,,,
484,,2000,208,7,0,0,,,,,,,,,,
485,,400,144,1,0,0,,,,,,,,,,
486,Movement +1,200,200,0,0,0,,,,,,,,,,
487,Movement +2,560,48,2,0,0,,,,,,,,,,
488,Movement +3,1000,232,3,0,0,,,,,,,,,,
489,Jump +1,200,200,0,0,0,,,,,,,,,,
490,Jump +2,500,244,1,0,0,,,,,,,,,,
491,Jump +3,600,88,2,0,0,,,,,,,,,,
492,Ignore Elevation,700,188,2,0,0,,,,,,,,,,
493,Lifefont,300,44,1,0,0,,,,,,,,,,
494,Manafont,350,94,1,0,0,,,,,,,,,,
495,Accrue EXP,400,144,1,0,0,,,,,,,,,,
496,Accrue JP,400,144,1,0,0,,,,,,,,,,
497,Cannot Enter Water,200,200,0,0,0,,,,,,,,,,
498,Teleport,3000,184,11,0,0,,,,,,,,,,
499,Master Teleportation,0,0,0,0,0,,,,,,,,,,
500,Ignore Weather,200,200,0,0,0,,,,,,,,,,
501,Ignore Terrain,220,220,0,0,0,,,,,,,,,,
502,Waterwalking,420,164,1,0,0,,,,,,,,,,
503,Swim,300,44,1,0,0,,,,,,,,,,
504,Lavawalking,150,150,0,0,0,,,,,,,,,,
505,Waterbreathing,200,200,0,0,0,,,,,,,,,,
506,Levitate,540,28,2,0,0,,,,,,,,,,
507,Fly,900,132,3,0,0,,,,,,,,,,
508,A508,800,32,3,0,0,,,,,,,,,,
509,Treasure Hunter,100,100,0,0,0,,,,,,,,,,
510,,9999,15,39,0,0,,,,,,,,,,
511,,200,200,0,0,0,,,,,,,,,,
