item_id,name,type_flags,item_category,required_level,additional_data_id,equip_bonus_id,price,shop_availability,secondary_kind,weapon_range,weapon_attack_flags,weapon_formula,weapon_power,weapon_evasion,weapon_elements,weapon_options_ability_id,armor_hp_bonus,armor_mp_bonus,shield_physical_evasion,shield_magical_evasion,accessory_physical_evasion,accessory_magical_evasion,bonus_pa,bonus_ma,bonus_speed,bonus_move,bonus_jump,bonus_innate_status,bonus_immune_status,bonus_starting_status,bonus_absorb_elements,bonus_nullify_elements,bonus_halve_elements,bonus_weak_elements,bonus_strong_elements,bonus_boost_jp
0,Nothing Equipped,Weapon,None,0,0,0,0,Blank,weapon,1,"TwoSwords, Striking",1,0,0,None,0,,,,,,,0,0,0,0,0,None,None,None,None,None,None,None,None,false
1,Dagger,Weapon,Knife,1,1,0,100,Chapter1_Start,weapon,1,"Throwable, TwoSwords, Striking",1,3,5,None,0,,,,,,,0,0,0,0,0,None,None,None,None,None,None,None,None,false
2,Mythril Knife,Weapon,Knife,3,2,0,500,Chapter1_EnterIgros,weapon,1,"Throwable, TwoSwords, Striking",1,4,5,None,0,,,,,,,0,0,0,0,0,None,None,None,None,None,None,None,None,false
3,Blind Knife,Weapon,Knife,7,3,0,800,Chapter1_SaveElmdor,weapon,1,"Throwable, TwoSwords, Striking",1,4,5,None,9,,,,,,,0,0,0,0,0,None,None,None,None,None,None,None,None,false
4,Mage Masher,Weapon,Knife,11,4,0,1500,Chapter1_KillMiluda,weapon,1,"Throwable, TwoSwords, Striking",1,4,5,None,10,,,,,,,0,0,0,0,0,None,None,None,None,None,None,None,None,false
5,Platinum Dagger,Weapon,Knife,14,5,0,1800,Chapter2_SaveOvelia,weapon,1,"Throwable, TwoSwords, Striking",1,5,10,None,0,,,,,,,0,0,0,0,0,None,None,None,None,None,None,None,None,false
6,Main Gauche,Weapon,Knife,21,6,0,3000,Chapter3_Zalmo,weapon,1,"Throwable, TwoSwords, Striking",1,6,40,None,0,,,,,,,0,0,0,0,0,None,None,None,None,None,None,None,None,false
7,Orichalcum Dirk,Weapon,Knife,25,7,0,4000,Chapter3_MeetVelius,weapon,1,"Throwable, TwoSwords, Striking",1,7,5,None,0,,,,,,,0,0,0,0,0,None,None,None,None,None,None,None,None,false
8,Assassin's Dagger,Weapon,Knife,29,8,0,5000,Chapter3_SaveRafa,weapon,1,"Throwable, TwoSwords, Striking",1,7,5,None,11,,,,,,,0,0,0,0,0,None,None,None,None,None,None,None,None,false
9,Air Knife,Weapon,Knife,33,9,0,8000,Chapter4_Bethla,weapon,1,"Throwable, TwoSwords, Striking",1,10,5,Wind,0,,,,,,,0,0,0,0,0,None,None,None,None,None,None,None,None,false
10,Zwill Straightblade,"Rare, Weapon",Knife,95,10,0,12000,Unknown20,weapon,1,"Throwable, TwoSwords, Striking",1,12,10,None,12,,,,,,,0,0,0,0,0,None,None,None,None,None,None,None,None,false
11,Ninja Blade,Weapon,NinjaBlade,10,11,0,3000,Chapter3_Start,weapon,1,"Throwable, TwoHands, TwoSwords, Striking",1,8,5,None,0,,,,,,,0,0,0,0,0,None,None,None,None,None,None,None,None,false
12,Kunai,Weapon,NinjaBlade,13,12,0,5000,Chapter3_Zalmo,weapon,1,"Throwable, TwoHands, TwoSwords, Striking",1,9,5,None,0,,,,,,,0,0,0,0,0,None,None,None,None,None,None,None,None,false
13,Kodachi,Weapon,NinjaBlade,15,13,0,7000,Chapter3_MeetVelius,weapon,1,"Throwable, TwoHands, TwoSwords, Striking",1,10,5,None,0,,,,,,,0,0,0,0,0,None,None,None,None,None,None,None,None,false
14,Ninja Longblade,Weapon,NinjaBlade,22,14,0,10000,Chapter3_SaveRafa,weapon,1,"Throwable, TwoHands, TwoSwords, Striking",1,12,5,None,0,,,,,,,0,0,0,0,0,None,None,None,None,None,None,None,None,false
15,Spellbinder,Weapon,NinjaBlade,27,15,0,16000,Chapter4_Start,weapon,1,"Throwable, TwoHands, TwoSwords, Striking",1,13,5,None,13,,,,,,,0,0,0,0,0,None,None,None,None,None,None,None,None,false
16,Sasuke's Blade,"Rare, Weapon",NinjaBlade,95,16,0,10,Unknown20,weapon,1,"Throwable, TwoHands, TwoSwords, Striking",1,14,15,None,0,,,,,,,0,0,0,0,0,None,None,None,None,None,None,None,None,false
17,Iga Blade,"Rare, Weapon",NinjaBlade,96,17,0,10,Unknown20,weapon,1,"Throwable, TwoHands, TwoSwords, Striking",1,15,10,None,0,,,,,,,0,0,0,0,0,None,None,None,None,None,None,None,None,false
18,Koga Blade,"Rare, Weapon",NinjaBlade,96,18,0,10,Unknown20,weapon,1,"Throwable, TwoHands, TwoSwords, Striking",1,15,5,None,0,,,,,,,0,0,0,0,0,None,None,None,None,None,None,None,None,false
19,Broadsword,Weapon,Sword,1,19,0,200,Chapter1_Start,weapon,1,"Throwable, TwoHands, TwoSwords, Striking",1,4,5,None,0,,,,,,,0,0,0,0,0,None,None,None,None,None,None,None,None,false
20,Longsword,Weapon,Sword,4,20,0,500,Chapter1_EnterIgros,weapon,1,"Throwable, TwoHands, TwoSwords, Striking",1,5,10,None,0,,,,,,,0,0,0,0,0,None,None,None,None,None,None,None,None,false
21,Iron Sword,Weapon,Sword,7,21,0,900,Chapter1_SaveElmdor,weapon,1,"Throwable, TwoHands, TwoSwords, Striking",1,6,5,None,0,,,,,,,0,0,0,0,0,None,None,None,None,None,None,None,None,false
22,Mythril Sword,Weapon,Sword,9,22,0,1600,Chapter1_KillMiluda,weapon,1,"Throwable, TwoHands, TwoSwords, Striking",1,7,8,None,0,,,,,,,0,0,0,0,0,None,None,None,None,None,None,None,None,false
23,Blood Sword,"Rare, Weapon",Sword,12,23,0,2500,Chapter2_Start,weapon,1,"Throwable, TwoHands, TwoSwords, Striking",6,8,5,None,0,,,,,,,0,0,0,0,0,None,None,None,None,None,None,None,None,false
24,Coral Sword,Weapon,Sword,15,24,0,3300,Chapter2_SaveOvelia,weapon,1,"Throwable, TwoHands, TwoSwords, Striking",1,8,5,Lightning,0,,,,,,,0,0,0,0,0,None,None,None,None,None,None,None,None,false
25,Ancient Sword,Weapon,Sword,21,25,0,5000,Chapter3_Start,weapon,1,"Throwable, TwoHands, TwoSwords, Striking",1,9,5,None,14,,,,,,,0,0,0,0,0,None,None,None,None,None,None,None,None,false
26,Sleep Blade,Weapon,Sword,23,26,0,5000,Chapter3_Zalmo,weapon,1,"Throwable, TwoHands, TwoSwords, Striking",1,9,5,None,15,,,,,,,0,0,0,0,0,None,None,None,None,None,None,None,None,false
27,Platinum Sword,Weapon,Sword,28,27,0,11000,Chapter3_SaveRafa,weapon,1,"Throwable, TwoHands, TwoSwords, Striking",1,12,10,None,0,,,,,,,0,0,0,0,0,None,None,None,None,None,None,None,None,false
28,Diamond Sword,Weapon,Sword,26,28,0,8000,Chapter3_MeetVelius,weapon,1,"Throwable, TwoHands, TwoSwords, Striking",1,10,10,None,0,,,,,,,0,0,0,0,0,None,None,None,None,None,None,None,None,false
29,Icebrand,Weapon,Sword,34,29,0,14000,Chapter4_Start,weapon,1,"Throwable, TwoHands, TwoSwords, Striking",2,13,10,Ice,25,,,,,,,0,0,0,0,0,None,None,None,None,None,None,None,None,false
30,Runeblade,Weapon,Sword,37,30,1,20000,Chapter4_Bethla,weapon,1,"Throwable, TwoHands, TwoSwords, Striking",1,14,15,None,0,,,,,,,0,2,0,0,0,None,None,None,None,None,None,None,None,false
31,Nagnarok,"Rare, Weapon",Sword,95,31,0,10,Unknown20,weapon,1,"Throwable, TwoHands, TwoSwords, Striking",1,1,50,None,16,,,,,,,0,0,0,0,0,None,None,None,None,None,None,None,None,false
32,Materia Blade,"Rare, Weapon",Sword,96,32,0,10,Unknown20,weapon,1,"Throwable, TwoHands, TwoSwords, Striking",1,10,10,None,0,,,,,,,0,0,0,0,0,None,None,None,None,None,None,None,None,false
33,Defender,"Rare, Weapon",KnightSword,92,33,0,40000,Unknown20,weapon,1,"Throwable, TwoHands, TwoSwords, Striking",1,16,60,None,0,,,,,,,0,0,0,0,0,None,None,None,None,None,None,None,None,false
34,Save the Queen,"Rare, Weapon",KnightSword,95,34,2,10,Unknown20,weapon,1,"Throwable, TwoHands, TwoSwords, Striking",1,18,30,None,0,,,,,,,0,0,0,0,0,Protect,None,None,None,None,None,None,None,false
35,Excalibur,"Rare, Weapon",KnightSword,96,35,3,10,Unknown20,weapon,1,"Throwable, TwoHands, TwoSwords, Striking",1,21,35,None,0,,,,,,,0,0,0,0,0,Haste,None,None,Holy,None,None,None,Holy,false
36,Ragnarok,"Rare, Weapon",KnightSword,97,36,4,10,Unknown20,weapon,1,"Throwable, TwoHands, TwoSwords, Striking",1,24,20,None,0,,,,,,,0,0,0,0,0,Shell,None,None,None,None,None,None,None,false
37,Chaos Blade,"Rare, Weapon",KnightSword,98,37,5,10,Unknown20,weapon,1,"Throwable, TwoHands, TwoSwords, Striking",1,40,20,None,17,,,,,,,0,0,0,0,0,Regen,None,None,None,None,None,None,None,false
38,Ashura,Weapon,Katana,9,38,0,1600,Chapter2_MeetDraclau,weapon,1,"Throwable, TwoHands, TwoSwords, Striking",1,7,15,None,0,,,,,,,0,0,0,0,0,None,None,None,None,None,None,None,None,false
39,Kotetsu,Weapon,Katana,12,39,0,3000,Chapter2_MeetDraclau,weapon,1,"Throwable, TwoHands, TwoSwords, Striking",1,8,15,None,0,,,,,,,0,0,0,0,0,None,None,None,None,None,None,None,None,false
40,Bizen Osafune,Weapon,Katana,15,40,0,5000,Chapter2_SaveAgrias,weapon,1,"Throwable, TwoHands, TwoSwords, Striking",1,9,15,None,0,,,,,,,0,0,0,0,0,None,None,None,None,None,None,None,None,false
41,Murasame,Weapon,Katana,21,41,0,7000,Chapter3_Start,weapon,1,"Throwable, TwoHands, TwoSwords, Striking",1,10,15,None,0,,,,,,,0,0,0,0,0,None,None,None,None,None,None,None,None,false
42,Ame-no-Murakumo,Weapon,Katana,24,42,0,8000,Chapter3_Zalmo,weapon,1,"Throwable, TwoHands, TwoSwords, Striking",1,11,15,None,0,,,,,,,0,0,0,0,0,None,None,None,None,None,None,None,None,false
43,Kiyomori,Weapon,Katana,27,43,0,10000,Chapter3_SaveRafa,weapon,1,"Throwable, TwoHands, TwoSwords, Striking",1,12,15,None,0,,,,,,,0,0,0,0,0,None,None,None,None,None,None,None,None,false
44,Muramasa,Weapon,Katana,30,44,0,15000,Chapter4_Start,weapon,1,"Throwable, TwoHands, TwoSwords, Striking",1,14,15,None,0,,,,,,,0,0,0,0,0,None,None,None,None,None,None,None,None,false
45,Kiku-ichimonji,Weapon,Katana,33,45,0,22000,Chapter4_Bethla,weapon,1,"Throwable, TwoHands, TwoSwords, Striking",1,15,15,None,0,,,,,,,0,0,0,0,0,None,None,None,None,None,None,None,None,false
46,Masamune,"Rare, Weapon",Katana,95,46,0,10,Unknown20,weapon,1,"Throwable, TwoHands, TwoSwords, Striking",1,18,15,None,0,,,,,,,0,0,0,0,0,None,None,None,None,None,None,None,None,false
47,Chirijiraden,"Rare, Weapon",Katana,96,47,0,10,Unknown20,weapon,1,"Throwable, TwoHands, TwoSwords, Striking",1,25,15,None,0,,,,,,,0,0,0,0,0,None,None,None,None,None,None,None,None,false
48,Battle Axe,Weapon,Axe,4,48,0,1500,Chapter1_KillMiluda,weapon,1,"ForcedTwoHands, Throwable, TwoHands, Striking",1,9,0,None,0,,,,,,,0,0,0,0,0,None,None,None,None,None,None,None,None,false
49,Giant's Axe,Weapon,Axe,12,49,0,4000,Chapter2_MeetDraclau,weapon,1,"ForcedTwoHands, Throwable, TwoHands, Striking",1,12,0,None,0,,,,,,,0,0,0,0,0,None,None,None,None,None,None,None,None,false
50,Slasher,Weapon,Axe,31,50,0,12000,Chapter3_Zalmo,weapon,1,"ForcedTwoHands, Throwable, TwoHands, Striking",1,16,0,None,18,,,,,,,0,0,0,0,0,None,None,None,None,None,None,None,None,false
51,Rod,Weapon,Rod,1,51,0,200,Chapter1_Start,weapon,1,"TwoHands, TwoSwords, Striking",1,3,20,None,0,,,,,,,0,0,0,0,0,None,None,None,None,None,None,None,None,false
52,Thunder Rod,Weapon,Rod,5,52,6,400,Chapter1_SaveElmdor,weapon,1,"TwoHands, TwoSwords, Striking",2,3,20,Lightning,20,,,,,,,0,0,0,0,0,None,None,None,None,None,None,None,Lightning,false
53,Flame Rod,Weapon,Rod,5,53,7,400,Chapter1_SaveElmdor,weapon,1,"TwoHands, TwoSwords, Striking",2,3,20,Fire,16,,,,,,,0,0,0,0,0,None,None,None,None,None,None,None,Fire,false
54,Ice Rod,Weapon,Rod,5,54,8,400,Chapter1_SaveElmdor,weapon,1,"TwoHands, TwoSwords, Striking",2,3,20,Ice,24,,,,,,,0,0,0,0,0,None,None,None,None,None,None,None,Ice,false
55,Poison Rod,Weapon,Rod,12,55,0,500,Chapter2_SaveOvelia,weapon,1,"TwoHands, TwoSwords, Striking",1,3,20,None,19,,,,,,,0,0,0,0,0,None,None,None,None,None,None,None,None,false
56,Wizard's Rod,Weapon,Rod,23,56,9,8000,Chapter3_MeetVelius,weapon,1,"TwoHands, TwoSwords, Striking",1,4,20,None,0,,,,,,,0,2,0,0,0,None,None,None,None,None,None,None,None,false
57,Dragon Rod,"Rare, Weapon",Rod,95,57,0,12000,Unknown20,weapon,1,"TwoHands, TwoSwords, Striking",1,5,20,None,0,,,,,,,0,0,0,0,0,None,None,None,None,None,None,None,None,false
58,Rod of Faith,"Rare, Weapon",Rod,96,58,73,10,Unknown20,weapon,1,"TwoHands, TwoSwords, Striking",1,5,20,None,20,,,,,,,0,0,0,0,0,Faith,None,None,None,None,None,None,None,false
59,Oak Staff,Weapon,Staff,1,59,0,120,Chapter1_Start,weapon,1,"TwoHands, TwoSwords, Striking",1,3,15,None,0,,,,,,,0,0,0,0,0,None,None,None,None,None,None,None,None,false
60,White Staff,Weapon,Staff,5,60,0,800,Chapter1_SaveElmdor,weapon,1,"TwoHands, TwoSwords, Striking",1,3,15,None,28,,,,,,,0,0,0,0,0,None,None,None,None,None,None,None,None,false
61,Healing Staff,"Rare, Weapon",Staff,9,61,0,4000,Chapter1_KillMiluda,weapon,1,"TwoHands, TwoSwords, Striking",7,4,15,None,0,,,,,,,0,0,0,0,0,None,None,None,None,None,None,None,None,false
62,Serpent Staff,Weapon,Staff,12,62,0,2200,Chapter2_SaveOvelia,weapon,1,"TwoHands, TwoSwords, Striking",1,5,15,None,0,,,,,,,0,0,0,0,0,None,None,None,None,None,None,None,None,false
63,Mage's Staff,Weapon,Staff,15,63,10,4000,Chapter2_SaveAgrias,weapon,1,"TwoHands, TwoSwords, Striking",1,4,15,None,0,,,,,,,0,1,0,0,0,None,None,None,None,None,None,None,None,false
64,Golden Staff,Weapon,Staff,24,64,0,7000,Chapter3_MeetVelius,weapon,1,"TwoHands, TwoSwords, Striking",1,6,15,None,0,,,,,,,0,0,0,0,0,None,None,None,None,None,None,None,None,false
65,Zeus Mace,"Rare, Weapon",Staff,95,65,11,10,Unknown20,weapon,1,"TwoHands, TwoSwords, Striking",1,6,15,None,0,,,,,,,2,1,0,0,0,None,None,None,None,None,None,None,None,false
66,Staff of the Magi,"Rare, Weapon",Staff,96,66,0,10,Unknown20,weapon,1,"TwoHands, TwoSwords, Striking",1,7,15,None,0,,,,,,,0,0,0,0,0,None,None,None,None,None,None,None,None,false
67,Iron Flail,Weapon,Flail,10,67,0,1200,Chapter2_SaveAgrias,weapon,1,"Throwable, TwoHands, TwoSwords, Striking",1,9,0,None,0,,,,,,,0,0,0,0,0,None,None,None,None,None,None,None,None,false
68,Flail of Flame,Weapon,Flail,20,68,0,4000,Chapter3_Zalmo,weapon,1,"Throwable, TwoHands, TwoSwords, Striking",2,11,0,Fire,17,,,,,,,0,0,0,0,0,None,None,None,None,None,None,None,None,false
69,Morning Star,Weapon,Flail,32,69,0,9000,Chapter3_SaveRafa,weapon,1,"Throwable, TwoHands, TwoSwords, Striking",1,16,0,None,0,,,,,,,0,0,0,0,0,None,None,None,None,None,None,None,None,false
70,Scorpion Tail,"Rare, Weapon",Flail,90,70,0,40000,Unknown20,weapon,1,"Throwable, TwoHands, TwoSwords, Striking",1,23,0,None,0,,,,,,,0,0,0,0,0,None,None,None,None,None,None,None,None,false
71,Romandan Pistol,"Rare, Weapon",Gun,11,71,0,5000,Chapter2_MeetDraclau,weapon,8,Direct,3,6,5,None,0,,,,,,,0,0,0,0,0,None,None,None,None,None,None,None,None,false
72,Mythril Gun,"Rare, Weapon",Gun,15,72,0,15000,Chapter3_Zalmo,weapon,8,Direct,3,8,5,None,0,,,,,,,0,0,0,0,0,None,None,None,None,None,None,None,None,false
73,Stoneshooter,"Rare, Weapon",Gun,95,73,72,10,Unknown20,weapon,8,Direct,3,16,5,None,0,,,,,,,0,0,0,0,0,None,None,Stone,None,None,None,None,None,false
74,Glacial Gun,"Rare, Weapon",Gun,91,74,0,10,Unknown20,weapon,8,Direct,4,20,5,Ice,0,,,,,,,0,0,0,0,0,None,None,None,None,None,None,None,None,false
75,Blaze Gun,"Rare, Weapon",Gun,92,75,0,10,Unknown20,weapon,8,Direct,4,21,5,Fire,0,,,,,,,0,0,0,0,0,None,None,None,None,None,None,None,None,false
76,Blaster,"Rare, Weapon",Gun,93,76,0,10,Unknown20,weapon,8,Direct,4,22,5,Lightning,0,,,,,,,0,0,0,0,0,None,None,None,None,None,None,None,None,false
77,Bowgun,Weapon,Crossbow,1,77,0,400,Chapter1_Start,weapon,4,Direct,1,3,5,None,0,,,,,,,0,0,0,0,0,None,None,None,None,None,None,None,None,false
78,Knightslayer,"Rare, Weapon",Crossbow,5,78,0,1500,Chapter1_KillMiluda,weapon,4,Direct,1,3,5,None,21,,,,,,,0,0,0,0,0,None,None,None,None,None,None,None,None,false
79,Crossbow,Weapon,Crossbow,11,79,0,2000,Chapter2_MeetDraclau,weapon,4,Direct,1,4,5,None,0,,,,,,,0,0,0,0,0,None,None,None,None,None,None,None,None,false
80,Poison Crossbow,Weapon,Crossbow,14,80,0,4000,Chapter3_Start,weapon,4,Direct,1,4,5,None,22,,,,,,,0,0,0,0,0,None,None,None,None,None,None,None,None,false
81,Hunting Crossbow,Weapon,Crossbow,24,81,0,8000,Chapter3_MeetVelius,weapon,4,Direct,1,6,5,None,0,,,,,,,0,0,0,0,0,None,None,None,None,None,None,None,None,false
82,Gastrophetes,"Rare, Weapon",Crossbow,33,82,0,20000,Chapter4_Bethla,weapon,4,Direct,1,10,5,None,0,,,,,,,0,0,0,0,0,None,None,None,None,None,None,None,None,false
83,Longbow,Weapon,Bow,2,83,0,800,Chapter1_SaveElmdor,weapon,5,"ForcedTwoHands, TwoHands, Arc",1,4,0,None,0,,,,,,,0,0,0,0,0,None,None,None,None,None,None,None,None,false
84,Silver Bow,Weapon,Bow,6,84,0,1500,Chapter1_KillMiluda,weapon,5,"ForcedTwoHands, TwoHands, Arc",1,5,0,None,0,,,,,,,0,0,0,0,0,None,None,None,None,None,None,None,None,false
85,Ice Bow,Weapon,Bow,11,85,0,2000,Chapter2_Start,weapon,5,"ForcedTwoHands, TwoHands, Arc",1,5,0,Ice,0,,,,,,,0,0,0,0,0,None,None,None,None,None,None,None,None,false
86,Lightning Bow,Weapon,Bow,15,86,0,3000,Chapter2_MeetDraclau,weapon,5,"ForcedTwoHands, TwoHands, Arc",2,6,0,Lightning,21,,,,,,,0,0,0,0,0,None,None,None,None,None,None,None,None,false
87,Windslash Bow,Weapon,Bow,27,87,0,8000,Chapter3_MeetVelius,weapon,5,"ForcedTwoHands, TwoHands, Arc",1,8,0,Wind,0,,,,,,,0,0,0,0,0,None,None,None,None,None,None,None,None,false
88,Mythril Bow,Weapon,Bow,20,88,0,5000,Chapter3_Start,weapon,5,"ForcedTwoHands, TwoHands, Arc",1,7,0,None,0,,,,,,,0,0,0,0,0,None,None,None,None,None,None,None,None,false
89,Artemis Bow,Weapon,Bow,37,89,0,22000,Chapter4_Bethla,weapon,5,"ForcedTwoHands, TwoHands, Arc",1,10,0,None,0,,,,,,,0,0,0,0,0,None,None,None,None,None,None,None,None,false
90,Yoichi Bow,"Rare, Weapon",Bow,52,90,0,10,Unknown20,weapon,5,"ForcedTwoHands, TwoHands, Arc",1,12,0,None,0,,,,,,,0,0,0,0,0,None,None,None,None,None,None,None,None,false
91,Perseus Bow,"Rare, Weapon",Bow,53,91,0,10,Unknown20,weapon,5,"ForcedTwoHands, TwoHands, Arc",1,16,0,None,0,,,,,,,0,0,0,0,0,None,None,None,None,None,None,None,None,false
92,Lamia's Harp,Weapon,Instrument,13,92,0,5000,Chapter2_MeetDraclau,weapon,3,Direct,1,10,10,None,23,,,,,,,0,0,0,0,0,None,None,None,None,None,None,None,None,false
93,Bloodstring Harp,Weapon,Instrument,25,93,0,10000,Chapter3_MeetVelius,weapon,3,Direct,6,13,10,None,0,,,,,,,0,0,0,0,0,None,None,None,None,None,None,None,None,false
94,Faerie Harp,"Rare, Weapon",Instrument,36,94,0,30000,Unknown20,weapon,3,Direct,1,15,10,None,24,,,,,,,0,0,0,0,0,None,None,None,None,None,None,None,None,false
95,Battle Folio,Weapon,Book,13,95,0,3000,Chapter2_MeetDraclau,weapon,3,"Throwable, Direct",1,7,15,None,0,,,,,,,0,0,0,0,0,None,None,None,None,None,None,None,None,false
96,Bestiary,Weapon,Book,23,96,0,6000,Chapter3_Zalmo,weapon,3,"Throwable, Direct",1,8,15,None,0,,,,,,,0,0,0,0,0,None,None,None,None,None,None,None,None,false
97,Papyrus Codex,Weapon,Book,34,97,0,10000,Chapter3_MeetVelius,weapon,3,"Throwable, Direct",1,9,15,None,0,,,,,,,0,0,0,0,0,None,None,None,None,None,None,None,None,false
98,Omnilex,"Rare, Weapon",Book,95,98,0,30000,Unknown20,weapon,3,"Throwable, Direct",1,11,15,None,0,,,,,,,0,0,0,0,0,None,None,None,None,None,None,None,None,false
99,Javelin,Weapon,Polearm,12,99,0,1000,Chapter2_Start,weapon,2,"Throwable, TwoHands, Lunging",1,8,10,None,0,,,,,,,0,0,0,0,0,None,None,None,None,None,None,None,None,false
100,Spear,Weapon,Polearm,16,100,0,2000,Chapter2_MeetDraclau,weapon,2,"Throwable, TwoHands, Lunging",1,9,10,None,0,,,,,,,0,0,0,0,0,None,None,None,None,None,None,None,None,false
101,Mythril Spear,Weapon,Polearm,21,101,0,4500,Chapter3_Start,weapon,2,"Throwable, TwoHands, Lunging",1,10,10,None,0,,,,,,,0,0,0,0,0,None,None,None,None,None,None,None,None,false
102,Partisan,Weapon,Polearm,25,102,0,7000,Chapter3_MeetVelius,weapon,2,"Throwable, TwoHands, Lunging",1,11,10,None,0,,,,,,,0,0,0,0,0,None,None,None,None,None,None,None,None,false
103,Obelisk,Weapon,Polearm,29,103,0,10000,Chapter4_Bethla,weapon,2,"Throwable, TwoHands, Lunging",1,12,10,None,0,,,,,,,0,0,0,0,0,None,None,None,None,None,None,None,None,false
104,Holy Lance,"Rare, Weapon",Polearm,95,104,0,36000,Unknown20,weapon,2,"Throwable, TwoHands, Lunging",2,14,10,Holy,15,,,,,,,0,0,0,0,0,None,None,None,None,None,None,None,None,false
105,Dragon Whisker,"Rare, Weapon",Polearm,96,105,0,44000,Unknown20,weapon,2,"Throwable, TwoHands, Lunging",1,17,10,None,0,,,,,,,0,0,0,0,0,None,None,None,None,None,None,None,None,false
106,Javelin,"Rare, Weapon",Polearm,97,106,0,1000,Unknown20,weapon,2,"Throwable, TwoHands, Lunging",1,30,10,None,0,,,,,,,0,0,0,0,0,None,None,None,None,None,None,None,None,false
107,Cypress Pole,Weapon,Pole,9,107,0,1000,Chapter2_SaveOvelia,weapon,2,"Throwable, TwoHands, Lunging",1,6,20,None,0,,,,,,,0,0,0,0,0,None,None,None,None,None,None,None,None,false
108,Battle Bamboo,Weapon,Pole,13,108,0,1400,Chapter2_MeetDraclau,weapon,2,"Throwable, TwoHands, Lunging",1,7,20,None,0,,,,,,,0,0,0,0,0,None,None,None,None,None,None,None,None,false
109,Musk Pole,Weapon,Pole,21,109,0,2400,Chapter3_Start,weapon,2,"Throwable, TwoHands, Lunging",1,8,20,None,0,,,,,,,0,0,0,0,0,None,None,None,None,None,None,None,None,false
110,Iron Fan,Weapon,Pole,24,110,0,4000,Chapter3_Zalmo,weapon,2,"Throwable, TwoHands, Lunging",1,9,20,None,0,,,,,,,0,0,0,0,0,None,None,None,None,None,None,None,None,false
111,Gokuu's Pole,Weapon,Pole,27,111,0,7500,Chapter3_MeetVelius,weapon,2,"Throwable, TwoHands, Lunging",1,10,20,None,25,,,,,,,0,0,0,0,0,None,None,None,None,None,None,None,None,false
112,Ivory Pole,"Rare, Weapon",Pole,95,112,0,10000,Unknown20,weapon,2,"Throwable, TwoHands, Lunging",1,11,20,None,0,,,,,,,0,0,0,0,0,None,None,None,None,None,None,None,None,false
113,Eight-fluted Pole,Weapon,Pole,40,113,0,20000,Chapter4_Bethla,weapon,2,"Throwable, TwoHands, Lunging",1,12,20,None,26,,,,,,,0,0,0,0,0,None,None,None,None,None,None,None,None,false
114,Whale Whisker,"Rare, Weapon",Pole,96,114,0,37000,Unknown20,weapon,2,"Throwable, TwoHands, Lunging",1,16,20,None,0,,,,,,,0,0,0,0,0,None,None,None,None,None,None,None,None,false
115,Catskin Bag,"Rare, Weapon",Bag,80,115,12,53000,Chapter3_Start,weapon,1,Striking,1,10,0,None,0,,,,,,,0,1,0,0,0,None,None,None,None,None,None,None,None,false
116,Fallingstar Bag,"Rare, Weapon",Bag,81,116,0,60000,Unknown20,weapon,1,Striking,1,20,0,None,0,,,,,,,0,0,0,0,0,None,None,None,None,None,None,None,None,false
117,Proudhide Bag,"Rare, Weapon",Bag,82,117,13,52000,Chapter3_MeetVelius,weapon,1,Striking,1,12,0,None,0,,,,,,,0,0,0,0,0,Regen,None,None,None,None,None,None,None,false
118,Hardscale Bag,"Rare, Weapon",Bag,83,118,14,58000,Chapter4_Bethla,weapon,1,Striking,1,14,0,None,0,,,,,,,0,0,1,0,0,None,None,None,None,None,None,None,None,false
119,Damask Cloth,Weapon,Cloth,24,119,0,7000,Chapter3_Zalmo,weapon,2,Lunging,1,8,50,None,0,,,,,,,0,0,0,0,0,None,None,None,None,None,None,None,None,false
120,Cashmere,Weapon,Cloth,29,120,0,15000,Chapter3_SaveRafa,weapon,2,Lunging,1,10,50,None,0,,,,,,,0,0,0,0,0,None,None,None,None,None,None,None,None,false
121,Wyrmweave Silk,"Rare, Weapon",Cloth,95,121,0,40000,Unknown20,weapon,2,Lunging,1,15,50,None,0,,,,,,,0,0,0,0,0,None,None,None,None,None,None,None,None,false
122,Shuriken,Weapon,Throwing,1,122,0,50,Chapter2_Start,weapon,0,"Throwable, Direct",1,4,0,None,0,,,,,,,0,0,0,0,0,None,None,None,None,None,None,None,None,false
123,Fuma Shuriken,Weapon,Throwing,18,123,0,300,Chapter3_Zalmo,weapon,0,"Throwable, Direct",1,7,0,None,0,,,,,,,0,0,0,0,0,None,None,None,None,None,None,None,None,false
124,Yagyu Darkrood,Weapon,Throwing,33,124,0,1000,Chapter4_Start,weapon,0,"Throwable, Direct",1,10,0,None,0,,,,,,,0,0,0,0,0,None,None,None,None,None,None,None,None,false
125,Flameburst Bomb,Weapon,Bomb,1,125,0,250,Chapter2_MeetDraclau,weapon,0,"Throwable, Direct",1,8,0,Fire,0,,,,,,,0,0,0,0,0,None,None,None,None,None,None,None,None,false
126,Snowmelt Bomb,Weapon,Bomb,18,126,0,250,Chapter2_MeetDraclau,weapon,0,"Throwable, Direct",1,8,0,Water,0,,,,,,,0,0,0,0,0,None,None,None,None,None,None,None,None,false
127,Spark Bomb,Weapon,Bomb,29,127,0,250,Chapter2_MeetDraclau,weapon,0,"Throwable, Direct",1,8,0,Lightning,0,,,,,,,0,0,0,0,0,None,None,None,None,None,None,None,None,false
128,Escutcheon,Shield,Shield,1,0,0,400,Chapter1_Start,shield,,,,,,,,,,10,3,,,0,0,0,0,0,None,None,None,None,None,None,None,None,false
129,Buckler,Shield,Shield,3,1,0,700,Chapter1_SaveElmdor,shield,,,,,,,,,,13,3,,,0,0,0,0,0,None,None,None,None,None,None,None,None,false
130,Bronze Shield,Shield,Shield,6,2,0,1200,Chapter1_KillMiluda,shield,,,,,,,,,,16,0,,,0,0,0,0,0,None,None,None,None,None,None,None,None,false
131,Round Shield,Shield,Shield,9,3,0,1600,Chapter2_Start,shield,,,,,,,,,,19,0,,,0,0,0,0,0,None,None,None,None,None,None,None,None,false
132,Mythril Shield,Shield,Shield,12,4,0,2500,Chapter2_SaveOvelia,shield,,,,,,,,,,22,5,,,0,0,0,0,0,None,None,None,None,None,None,None,None,false
133,Golden Shield,Shield,Shield,15,5,0,3500,Chapter2_MeetDraclau,shield,,,,,,,,,,25,0,,,0,0,0,0,0,None,None,None,None,None,None,None,None,false
134,Ice Shield,Shield,Shield,22,6,15,6000,Chapter3_Start,shield,,,,,,,,,,28,0,,,0,0,0,0,0,None,None,None,Ice,None,Fire,Lightning,None,false
135,Flame Shield,Shield,Shield,22,7,16,6500,Chapter3_Start,shield,,,,,,,,,,31,0,,,0,0,0,0,0,None,None,None,Fire,None,Ice,Water,None,false
136,Aegis Shield,Shield,Shield,22,8,17,10000,Chapter3_Zalmo,shield,,,,,,,,,,10,50,,,0,1,0,0,0,None,None,None,None,None,None,None,None,false
137,Diamond Shield,Shield,Shield,25,9,0,12000,Chapter3_MeetVelius,shield,,,,,,,,,,34,15,,,0,0,0,0,0,None,None,None,None,None,None,None,None,false
138,Platinum Shield,Shield,Shield,29,10,0,16000,Chapter4_Start,shield,,,,,,,,,,37,10,,,0,0,0,0,0,None,None,None,None,None,None,None,None,false
139,Crystal Shield,Shield,Shield,36,11,0,21000,Chapter4_Bethla,shield,,,,,,,,,,40,15,,,0,0,0,0,0,None,None,None,None,None,None,None,None,false
140,Genji Shield,"Rare, Shield",Shield,36,12,0,10,Unknown20,shield,,,,,,,,,,43,0,,,0,0,0,0,0,None,None,None,None,None,None,None,None,false
141,Kaiser Shield,"Rare, Shield",Shield,39,13,18,10,Unknown20,shield,,,,,,,,,,46,20,,,0,0,0,0,0,None,None,None,None,None,None,None,"Ice, Lightning, Fire",false
142,Venetian Shield,"Rare, Shield",Shield,40,14,19,10,Unknown20,shield,,,,,,,,,,50,25,,,0,0,0,0,0,None,None,None,None,None,"Ice, Lightning, Fire",None,None,false
143,Escutcheon,"Rare, Shield",Shield,50,15,0,400,Unknown20,shield,,,,,,,,,,75,50,,,0,0,0,0,0,None,None,None,None,None,None,None,None,false
144,Leather Helm,Headgear,Helmet,1,0,0,200,Chapter1_Start,armor,,,,,,,,10,0,,,,,0,0,0,0,0,None,None,None,None,None,None,None,None,false
145,Bronze Helm,Headgear,Helmet,4,1,0,500,Chapter1_EnterIgros,armor,,,,,,,,20,0,,,,,0,0,0,0,0,None,None,None,None,None,None,None,None,false
146,Iron Helm,Headgear,Helmet,7,2,0,1000,Chapter1_SaveElmdor,armor,,,,,,,,30,0,,,,,0,0,0,0,0,None,None,None,None,None,None,None,None,false
147,Barbut,Headgear,Helmet,9,3,0,1500,Chapter2_Start,armor,,,,,,,,40,0,,,,,0,0,0,0,0,None,None,None,None,None,None,None,None,false
148,Mythril Helm,Headgear,Helmet,12,4,0,2100,Chapter2_SaveOvelia,armor,,,,,,,,50,0,,,,,0,0,0,0,0,None,None,None,None,None,None,None,None,false
149,Golden Helm,Headgear,Helmet,15,5,0,2800,Chapter2_MeetDraclau,armor,,,,,,,,60,0,,,,,0,0,0,0,0,None,None,None,None,None,None,None,None,false
150,Close Helmet,Headgear,Helmet,17,6,0,4000,Chapter2_SaveAgrias,armor,,,,,,,,70,0,,,,,0,0,0,0,0,None,None,None,None,None,None,None,None,false
151,Diamond Helm,Headgear,Helmet,22,7,0,6000,Chapter3_Zalmo,armor,,,,,,,,80,0,,,,,0,0,0,0,0,None,None,None,None,None,None,None,None,false
152,Platinum Helm,Headgear,Helmet,25,8,0,8000,Chapter3_SaveRafa,armor,,,,,,,,90,0,,,,,0,0,0,0,0,None,None,None,None,None,None,None,None,false
153,Circlet,Headgear,Helmet,29,9,0,10000,Chapter3_SaveRafa,armor,,,,,,,,100,0,,,,,0,0,0,0,0,None,None,None,None,None,None,None,None,false
154,Crystal Helm,Headgear,Helmet,27,10,0,14000,Chapter4_Bethla,armor,,,,,,,,120,0,,,,,0,0,0,0,0,None,None,None,None,None,None,None,None,false
155,Genji Helm,"Rare, Headgear",Helmet,36,11,0,10,Unknown20,armor,,,,,,,,130,0,,,,,0,0,0,0,0,None,None,None,None,None,None,None,None,false
156,Grand Helm,"Rare, Headgear",Helmet,40,12,20,10,Unknown20,armor,,,,,,,,150,0,,,,,0,0,0,0,0,None,"Sleep, Blind",None,None,None,None,None,None,false
157,Leather Cap,Headgear,Hat,1,13,0,150,Chapter1_Start,armor,,,,,,,,8,0,,,,,0,0,0,0,0,None,None,None,None,None,None,None,None,false
158,Plumed Hat,Headgear,Hat,4,14,0,350,Chapter1_EnterIgros,armor,,,,,,,,16,5,,,,,0,0,0,0,0,None,None,None,None,None,None,None,None,false
159,Red Hood,Headgear,Hat,7,15,0,800,Chapter1_SaveElmdor,armor,,,,,,,,24,8,,,,,0,0,0,0,0,None,None,None,None,None,None,None,None,false
160,Headgear,Headgear,Hat,10,16,21,1200,Chapter2_Start,armor,,,,,,,,32,0,,,,,1,0,0,0,0,None,None,None,None,None,None,None,None,false
161,Wizard's Hat,Headgear,Hat,13,17,22,1800,Chapter2_SaveOvelia,armor,,,,,,,,40,12,,,,,0,1,0,0,0,None,None,None,None,None,None,None,None,false
162,Green Beret,Headgear,Hat,16,18,23,3000,Chapter2_MeetDraclau,armor,,,,,,,,48,0,,,,,0,0,1,0,0,None,None,None,None,None,None,None,None,false
163,Headband,Headgear,Hat,21,19,24,5000,Chapter3_Start,armor,,,,,,,,56,0,,,,,2,0,0,0,0,None,None,None,None,None,None,None,None,false
164,Celebrant's Miter,Headgear,Hat,24,20,25,6000,Chapter3_Zalmo,armor,,,,,,,,64,20,,,,,0,1,0,0,0,None,None,None,None,None,None,None,None,false
165,Black Cowl,Headgear,Hat,27,21,0,7000,Chapter3_MeetVelius,armor,,,,,,,,72,0,,,,,0,0,0,0,0,None,None,None,None,None,None,None,None,false
166,Gold Hairpin,Headgear,Hat,32,22,26,12000,Chapter3_SaveRafa,armor,,,,,,,,80,50,,,,,0,0,0,0,0,None,Silence,None,None,None,None,None,None,false
167,Lambent Hat,Headgear,Hat,38,23,27,16000,Chapter4_Bethla,armor,,,,,,,,88,15,,,,,0,1,1,0,0,None,None,None,None,None,None,None,None,false
168,Thief's Cap,Headgear,Hat,46,24,28,35000,Chapter4_KillElmdor,armor,,,,,,,,100,0,,,,,0,0,2,0,0,None,"Disable, Immobilize",None,None,None,None,None,None,false
169,Hairband,"Rare, Headgear",HairAdornment,50,25,69,20000,Unknown20,armor,,,,,,,,20,0,,,,,0,0,0,0,0,None,"Doom, Disable, Immobilize, Slow, Poison, Toad, Silence, Blind, Undead",None,None,None,None,None,None,false
170,Barrette,"Rare, Headgear",HairAdornment,51,26,70,20000,Unknown20,armor,,,,,,,,20,0,,,,,0,0,0,0,0,None,"Sleep, Charm, Stop, Berserk, Vampire, Confuse, Traitor, Stone, KO",None,None,None,None,None,None,false
171,Ribbon,"Rare, Headgear",HairAdornment,52,27,71,60000,Unknown20,armor,,,,,,,,10,0,,,,,0,0,0,0,0,None,"Doom, Disable, Immobilize, Sleep, Charm, Stop, Slow, Poison, Toad, Berserk, Vampire, Silence, Confuse, Blind, Traitor, Stone, Undead, KO",None,None,None,None,None,None,false
172,Leather Armor,Armor,Armor,1,28,0,200,Chapter1_Start,armor,,,,,,,,10,0,,,,,0,0,0,0,0,None,None,None,None,None,None,None,None,false
173,Linen Cuirass,Armor,Armor,4,29,0,600,Chapter1_EnterIgros,armor,,,,,,,,20,0,,,,,0,0,0,0,0,None,None,None,None,None,None,None,None,false
174,Bronze Armor,Armor,Armor,6,30,0,800,Chapter1_SaveElmdor,armor,,,,,,,,30,0,,,,,0,0,0,0,0,None,None,None,None,None,None,None,None,false
175,Chainmail,Armor,Armor,8,31,0,1300,Chapter1_KillMiluda,armor,,,,,,,,40,0,,,,,0,0,0,0,0,None,None,None,None,None,None,None,None,false
176,Mythril Armor,Armor,Armor,11,32,0,2000,Chapter2_Start,armor,,,,,,,,50,0,,,,,0,0,0,0,0,None,None,None,None,None,None,None,None,false
177,Plate Mail,Armor,Armor,14,33,0,3000,Chapter2_SaveOvelia,armor,,,,,,,,60,0,,,,,0,0,0,0,0,None,None,None,None,None,None,None,None,false
178,Golden Armor,Armor,Armor,17,34,0,3600,Chapter2_MeetDraclau,armor,,,,,,,,70,0,,,,,0,0,0,0,0,None,None,None,None,None,None,None,None,false
179,Diamond Armor,Armor,Armor,22,35,0,6000,Chapter3_Zalmo,armor,,,,,,,,80,0,,,,,0,0,0,0,0,None,None,None,None,None,None,None,None,false
180,Platinum Armor,Armor,Armor,26,36,0,9000,Chapter3_SaveRafa,armor,,,,,,,,90,0,,,,,0,0,0,0,0,None,None,None,None,None,None,None,None,false
181,Carabineer Mail,Armor,Armor,30,37,0,13000,Chapter4_Start,armor,,,,,,,,100,0,,,,,0,0,0,0,0,None,None,None,None,None,None,None,None,false
182,Crystal Mail,Armor,Armor,37,38,0,19000,Chapter4_Bethla,armor,,,,,,,,110,0,,,,,0,0,0,0,0,None,None,None,None,None,None,None,None,false
183,Genji Armor,"Rare, Armor",Armor,37,39,0,10,Unknown20,armor,,,,,,,,150,0,,,,,0,0,0,0,0,None,None,None,None,None,None,None,None,false
184,Mirror Mail,"Rare, Armor",Armor,39,40,29,18000,Chapter4_Bethla,armor,,,,,,,,130,0,,,,,0,0,0,0,0,Reflect,None,None,None,None,None,None,None,false
185,Maximillian,"Rare, Armor",Armor,45,41,0,10,Unknown20,armor,,,,,,,,200,0,,,,,0,0,0,0,0,None,None,None,None,None,None,None,None,false
186,Clothing,Armor,Clothing,1,42,0,150,Chapter1_Start,armor,,,,,,,,5,0,,,,,0,0,0,0,0,None,None,None,None,None,None,None,None,false
187,Leather Clothing,Armor,Clothing,3,43,0,300,Chapter1_EnterIgros,armor,,,,,,,,10,0,,,,,0,0,0,0,0,None,None,None,None,None,None,None,None,false
188,Leather Plate,Armor,Clothing,5,44,0,500,Chapter1_SaveElmdor,armor,,,,,,,,18,0,,,,,0,0,0,0,0,None,None,None,None,None,None,None,None,false
189,Ringmail,Armor,Clothing,7,45,0,900,Chapter1_KillMiluda,armor,,,,,,,,24,0,,,,,0,0,0,0,0,None,None,None,None,None,None,None,None,false
190,Mythril Vest,Armor,Clothing,10,46,0,1500,Chapter2_Start,armor,,,,,,,,30,0,,,,,0,0,0,0,0,None,None,None,None,None,None,None,None,false
191,Adamant Vest,Armor,Clothing,12,47,0,1600,Chapter2_SaveOvelia,armor,,,,,,,,36,0,,,,,0,0,0,0,0,None,None,None,None,None,None,None,None,false
192,Wizard Clothing,Armor,Clothing,14,48,0,1900,Chapter2_MeetDraclau,armor,,,,,,,,42,15,,,,,0,0,0,0,0,None,None,None,None,None,None,None,None,false
193,Brigandine,Armor,Clothing,17,49,0,2500,Chapter2_SaveAgrias,armor,,,,,,,,50,0,,,,,0,0,0,0,0,None,None,None,None,None,None,None,None,false
194,Jujitsu Gi,Armor,Clothing,21,50,30,4000,Chapter3_Zalmo,armor,,,,,,,,60,0,,,,,1,0,0,0,0,None,KO,None,None,None,None,None,None,false
195,Power Garb,Armor,Clothing,25,51,31,7000,Chapter3_MeetVelius,armor,,,,,,,,70,0,,,,,2,0,0,0,0,None,None,None,None,None,None,None,None,false
196,Gaia Gear,Armor,Clothing,29,52,32,10000,Chapter4_Start,armor,,,,,,,,85,10,,,,,0,0,0,0,0,None,None,None,Earth,None,None,None,Earth,false
197,Ninja Gear,"Rare, Armor",Clothing,35,53,33,10,Unknown20,armor,,,,,,,,20,0,,,,,0,0,2,0,0,None,None,Invisible,None,None,None,None,None,false
198,Black Garb,Armor,Clothing,37,54,34,12000,Chapter4_Bethla,armor,,,,,,,,100,0,,,,,0,0,0,0,0,None,Stop,None,None,None,None,None,None,false
199,Rubber Suit,"Rare, Armor",Clothing,50,55,35,48000,Unknown20,armor,,,,,,,,150,30,,,,,0,0,0,0,0,None,None,None,None,Lightning,None,None,None,false
200,Hempen Robe,Armor,Robe,3,56,0,1200,Chapter1_SaveElmdor,armor,,,,,,,,10,10,,,,,0,0,0,0,0,None,None,None,None,None,None,None,None,false
201,Silken Robe,Armor,Robe,5,57,0,2400,Chapter1_KillMiluda,armor,,,,,,,,20,16,,,,,0,0,0,0,0,None,None,None,None,None,None,None,None,false
202,Wizard's Robe,Armor,Robe,11,58,36,4000,Chapter2_MeetDraclau,armor,,,,,,,,30,22,,,,,0,2,0,0,0,None,None,None,None,None,None,None,None,false
203,Chameleon Robe,"Rare, Armor",Robe,16,59,37,5000,Chapter3_Zalmo,armor,,,,,,,,40,28,,,,,0,0,0,0,0,None,KO,None,Holy,None,None,None,None,false
204,White Robe,Armor,Robe,26,60,38,9000,Chapter3_MeetVelius,armor,,,,,,,,50,34,,,,,0,0,0,0,0,None,None,None,None,None,"Ice, Lightning, Fire",None,None,false
205,Black Robe,Armor,Robe,31,61,39,13000,Chapter3_SaveRafa,armor,,,,,,,,60,30,,,,,0,0,0,0,0,None,None,None,None,None,None,None,"Ice, Lightning, Fire",false
206,Luminous Robe,Armor,Robe,38,62,40,30000,Chapter4_Bethla,armor,,,,,,,,75,50,,,,,0,0,0,0,0,None,None,None,None,None,None,None,None,false
207,Lordly Robe,"Rare, Armor",Robe,45,63,41,10,Unknown20,armor,,,,,,,,100,80,,,,,2,1,0,0,0,"Shell, Protect",None,None,None,None,None,None,None,false
208,Battle Boots,Accessory,Shoes,10,0,42,1000,Chapter1_EnterIgros,accessory,,,,,,,,,,,,0,0,0,0,0,1,0,None,None,None,None,None,None,None,None,false
209,Spiked Boots,Accessory,Shoes,20,1,43,1200,Chapter2_Start,accessory,,,,,,,,,,,,0,0,0,0,0,0,1,None,None,None,None,None,None,None,None,false
210,Germinas Boots,Accessory,Shoes,30,2,44,5000,Chapter3_Zalmo,accessory,,,,,,,,,,,,0,0,0,0,0,1,1,None,None,None,None,None,None,None,None,false
211,Rubber Boots,"Rare, Accessory",Shoes,5,3,45,1500,Chapter2_MeetDraclau,accessory,,,,,,,,,,,,0,0,0,0,0,0,0,None,Immobilize,None,None,Lightning,None,None,None,false
212,Winged Boots,"Rare, Accessory",Shoes,50,4,46,2500,Chapter3_Start,accessory,,,,,,,,,,,,0,0,0,0,0,0,0,Float,None,None,None,None,None,None,None,false
213,Hermes Shoes,"Rare, Accessory",Shoes,30,5,47,7000,Chapter3_SaveRafa,accessory,,,,,,,,,,,,0,0,0,0,1,0,0,None,None,None,None,None,None,None,None,false
214,Red Shoes,"Rare, Accessory",Shoes,40,6,48,10000,Chapter4_Bethla,accessory,,,,,,,,,,,,0,0,0,1,0,1,0,None,None,None,None,None,None,None,None,false
215,Power Gauntlets,Accessory,Armguard,20,7,49,5000,Chapter2_SaveOvelia,accessory,,,,,,,,,,,,0,0,1,0,0,0,0,None,None,None,None,None,None,None,None,false
216,Genji Gloves,"Rare, Accessory",Armguard,50,8,50,10,Unknown20,accessory,,,,,,,,,,,,0,0,2,2,0,0,0,None,None,None,None,None,None,None,None,false
217,Magepower Gloves,Accessory,Armguard,35,9,51,20000,Chapter3_Start,accessory,,,,,,,,,,,,0,0,0,2,0,0,0,None,None,None,None,None,None,None,None,false
218,Bracers,Accessory,Armguard,60,10,52,50000,Chapter3_SaveRafa,accessory,,,,,,,,,,,,0,0,3,0,0,0,0,None,None,None,None,None,None,None,None,false
219,Reflect Ring,"Rare, Accessory",Ring,50,11,53,10000,Chapter3_Start,accessory,,,,,,,,,,,,0,0,0,0,0,0,0,Reflect,None,None,None,None,None,None,None,false
220,Protect Ring,Accessory,Ring,25,12,54,5000,Chapter2_MeetDraclau,accessory,,,,,,,,,,,,0,0,0,0,0,0,0,None,"Doom, Sleep",None,None,None,None,None,None,false
221,Magick Ring,Accessory,Ring,25,13,55,10000,Chapter3_MeetVelius,accessory,,,,,,,,,,,,0,0,0,0,0,0,0,None,"Berserk, Silence",None,None,None,None,None,None,false
222,Cursed Ring,"Rare, Accessory",Ring,5,14,56,10,Unknown20,accessory,,,,,,,,,,,,0,0,1,1,1,0,0,Undead,Traitor,None,None,None,None,None,None,false
223,Angel Ring,"Rare, Accessory",Ring,25,15,57,20000,Chapter4_Start,accessory,,,,,,,,,,,,0,0,0,0,0,0,0,None,"Blind, KO",Reraise,None,None,None,None,None,false
224,Diamond Bracelet,Accessory,Armlet,26,16,58,5000,Chapter2_SaveAgrias,accessory,,,,,,,,,,,,0,0,1,1,0,0,0,None,Slow,None,None,None,None,None,None,false
225,Jade Armlet,Accessory,Armlet,25,17,59,10000,Chapter3_Zalmo,accessory,,,,,,,,,,,,0,0,0,0,0,0,0,None,"Stop, Stone",None,None,None,None,None,None,false
226,Japa Mala,Accessory,Armlet,25,18,60,15000,Chapter3_MeetVelius,accessory,,,,,,,,,,,,0,0,0,0,0,0,0,None,"Poison, Toad, Vampire, Undead",None,None,None,None,None,"Dark, Holy, Water, Earth, Wind, Ice, Lightning, Fire",false
227,Nu Khai Armband,Accessory,Armlet,25,19,61,10000,Chapter3_Start,accessory,,,,,,,,,,,,0,0,0,0,0,0,0,None,"Charm, Confuse",None,None,None,Dark,None,None,false
228,Guardian Bracelet,Accessory,Armlet,25,20,62,7000,Chapter2_MeetDraclau,accessory,,,,,,,,,,,,0,0,0,0,0,0,0,None,"Disable, Immobilize",None,None,None,None,None,None,false
229,Shoulder Cape,Accessory,Cloak,10,21,0,300,Chapter1_SaveElmdor,accessory,,,,,,,,,,,,10,10,0,0,0,0,0,None,None,None,None,None,None,None,None,false
230,Leather Cloak,Accessory,Cloak,20,22,0,800,Chapter2_Start,accessory,,,,,,,,,,,,15,15,0,0,0,0,0,None,None,None,None,None,None,None,None,false
231,Mage's Cloak,Accessory,Cloak,30,23,63,2000,Chapter2_MeetDraclau,accessory,,,,,,,,,,,,18,18,0,1,0,0,0,None,None,None,None,None,None,None,None,false
232,Elven Cloak,Accessory,Cloak,40,24,0,8000,Chapter3_Zalmo,accessory,,,,,,,,,,,,25,25,0,0,0,0,0,None,None,None,None,None,None,None,None,false
233,Vampire Cape,Accessory,Cloak,49,25,0,15000,Chapter3_SaveRafa,accessory,,,,,,,,,,,,28,28,0,0,0,0,0,None,None,None,None,None,None,None,None,false
234,Featherweave Cloak,Accessory,Cloak,50,26,0,20000,Chapter4_Bethla,accessory,,,,,,,,,,,,40,30,0,0,0,0,0,None,None,None,None,None,None,None,None,false
235,Invisibility Cloak,"Rare, Accessory",Cloak,5,27,64,10,Unknown20,accessory,,,,,,,,,,,,35,0,0,0,0,0,0,None,None,Invisible,None,None,None,None,None,false
236,Chantage,"Rare, Accessory",Perfume,5,28,65,60000,Unknown20,accessory,,,,,,,,,,,,0,0,0,0,0,0,0,"Regen, Reraise",None,None,None,None,None,None,None,false
237,Envoûtement,"Rare, Accessory",Perfume,5,29,66,60000,Unknown20,accessory,,,,,,,,,,,,0,0,0,0,0,0,0,"Reflect, Float",None,None,None,None,None,None,None,false
238,Septième Sens,"Rare, Accessory",Perfume,5,30,67,60000,Unknown20,accessory,,,,,,,,,,,,0,0,0,1,0,0,0,Haste,None,Invisible,None,None,None,None,None,false
239,Sortilège,"Rare, Accessory",Perfume,5,31,68,60000,Unknown20,accessory,,,,,,,,,,,,0,0,0,0,0,0,0,"Shell, Protect",None,None,None,None,None,None,None,false
240,Potion,Rare,Item,1,0,0,50,Chapter1_Start,,,,,,,,,,,,,,,0,0,0,0,0,None,None,None,None,None,None,None,None,false
241,High Potion,Rare,Item,2,1,0,200,Chapter1_SaveElmdor,,,,,,,,,,,,,,,0,0,0,0,0,None,None,None,None,None,None,None,None,false
242,X-Potion,Rare,Item,3,2,0,700,Chapter3_Start,,,,,,,,,,,,,,,0,0,0,0,0,None,None,None,None,None,None,None,None,false
243,Ether,Rare,Item,4,3,0,200,Chapter2_MeetDraclau,,,,,,,,,,,,,,,0,0,0,0,0,None,None,None,None,None,None,None,None,false
244,High Ether,Rare,Item,5,4,0,600,Chapter3_MeetVelius,,,,,,,,,,,,,,,0,0,0,0,0,None,None,None,None,None,None,None,None,false
245,Elixir,Rare,Item,14,13,0,10,Unknown20,,,,,,,,,,,,,,,0,0,0,0,0,None,None,None,None,None,None,None,None,false
246,Antidote,Rare,Item,6,5,0,50,Chapter1_Start,,,,,,,,,,,,,,,0,0,0,0,0,None,None,None,None,None,None,None,None,false
247,Eye Drops,Rare,Item,7,6,0,50,Chapter1_Start,,,,,,,,,,,,,,,0,0,0,0,0,None,None,None,None,None,None,None,None,false
248,Echo Herbs,Rare,Item,8,7,0,50,Chapter1_EnterIgros,,,,,,,,,,,,,,,0,0,0,0,0,None,None,None,None,None,None,None,None,false
249,Maiden's Kiss,Rare,Item,9,8,0,50,Chapter1_EnterIgros,,,,,,,,,,,,,,,0,0,0,0,0,None,None,None,None,None,None,None,None,false
250,Gold Needle,Rare,Item,10,9,0,100,Chapter1_EnterIgros,,,,,,,,,,,,,,,0,0,0,0,0,None,None,None,None,None,None,None,None,false
251,Holy Water,Rare,Item,11,10,0,2000,Chapter2_Start,,,,,,,,,,,,,,,0,0,0,0,0,None,None,None,None,None,None,None,None,false
252,Remedy,Rare,Item,12,11,0,350,Chapter2_MeetDraclau,,,,,,,,,,,,,,,0,0,0,0,0,None,None,None,None,None,None,None,None,false
253,Phoenix Down,Rare,Item,13,12,0,300,Chapter1_Start,,,,,,,,,,,,,,,0,0,0,0,0,None,None,None,None,None,None,None,None,false
254,,Rare,None,0,0,0,0,Blank,,,,,,,,,,,,,,,0,0,0,0,0,None,None,None,None,None,None,None,None,false
255,,Rare,None,0,0,0,0,Blank,,,,,,,,,,,,,,,0,0,0,0,0,None,None,None,None,None,None,None,None,false
256,Materia Blade Plus,"Rare, Weapon",Sword,97,32,84,10,Chapter1_Start,weapon,1,"Throwable, TwoHands, TwoSwords, Striking",1,10,10,None,0,,,,,,,0,4,0,0,0,None,None,None,None,None,None,None,None,false
257,Akademy Blade,"Rare, Weapon",Sword,8,20,81,10,Chapter1_Start,weapon,1,"Throwable, TwoHands, TwoSwords, Striking",1,5,10,None,0,,,,,,,0,0,1,0,0,None,None,None,None,None,None,None,None,false
258,Akademy Beret,"Rare, Armor",Hat,5,16,82,10,Chapter1_Start,armor,,,,,,,,32,0,,,,,0,0,0,0,0,None,Charm,None,None,None,None,None,None,false
259,Akademy Tunic,"Rare, Armor",Clothing,6,31,83,10,Chapter1_Start,armor,,,,,,,,40,0,,,,,0,0,0,0,0,Shell,None,None,None,None,None,None,None,false
260,Ring of Aptitude,"Rare, Accessory",Ring,51,11,80,10,Chapter1_Start,accessory,,,,,,,,,,,,0,0,0,0,0,0,0,None,None,None,None,None,None,None,None,true
